group_id,title,model,duration_s,kind,song_in,vocal_out,audio_file,lyrics_timing,reference_images,shots,dialogue,edit_use,prompt_cn,output_filename
G00,冷开场·演播室,Seedance 2.0,15,剧情,,,,,@图片1=设定参考 MATURE（04_ALPHA_mature_reference）；@图片2=K22 NEW（演播室别麦）；@图片3=K17 NEW（演播室座椅背侧面）；@图片4=K11 NEW（手部与吉他特写）,5,ALPHA：谢谢。／林姐：第一个问题……你的悲伤，是真的吗？／ALPHA：我可以……唱出来吗？,成片 0:00–0:10 冷开场，以及前奏里工作人员坐下的镜头。,"参考：@图片1 是 ALPHA 现在的造型参考；@图片2 是 第 1 镜的首帧和演播室环境；@图片3 是 演播室的光线和空间；@图片4 是 黄色电吉他。
写实电影质感，像真实发生的事：35mm 变形宽银幕镜头，柯达 500T 胶片颗粒，低调的动机光源，深阴影，低饱和，2020 年代中国东北的真实街道和室内，轻微手持感。
ALPHA 是同一位成年女性机器人：银色分片机械脸、蓝紫色虹膜、青色嘴唇、耳侧圆形涡轮，脖子、手指和关节都是机械结构，身上没有任何人类皮肤。现在的她：青、黄、银三色机械外壳，头部黄色翼片，抱黄色机械电吉他（银色齿轮轮毂）。林姐：四十出头的中国女主持人，齐耳短发，黑色西装，说话温和。老杨：五十多岁的灯光师，花白头发、胡茬、深色工装马甲。
一共 5 个镜头，按时间切换（硬切）：
镜头1（0.0–3.5 秒）：中景，@图片2 的机位：场务弯腰，小心地把领夹麦别在 ALPHA 胸甲边缘；她转头向场务微微点头致谢，场务笑着退开。（去掉桌上的嘉宾牌）
镜头2（3.5–6.0 秒）：仰拍：老杨站在铝梯上拧好最后一盏影视灯，低头看见 ALPHA 在向他点头，笑着朝她抬了抬手。
镜头3（6.0–9.5 秒）：过肩：越过 ALPHA 的金属后脑和黄色翼片（虚焦）拍对面扶手椅里的林姐，她温和地问了一句话，然后安静地等。
镜头4（9.5–12.0 秒）：近景：ALPHA 沉默了一下，目光一格一格地移向靠在椅边的黄色电吉他，再抬眼，轻声说了一句话，有点不好意思。
镜头5（12.0–15.0 秒）：全景：她把吉他抱到腿上；暗处的工作人员轻轻放下手里的东西，一个个坐下来。
对白：ALPHA：谢谢。／林姐：第一个问题……你的悲伤，是真的吗？／ALPHA：我可以……唱出来吗？（只做说话的动作，不出声，后期加字幕）。
声音：只要现场环境声（风、雨、火车、机器、人群），不要背景音乐，不要人唱歌，人物说话不出声（对白后期加字幕）。
禁止：不要动画、3D 渲染或塑料玩具质感；ALPHA 身上不出现人类皮肤；不要牙齿和舌头；配角不出现机械结构；画面里不要字幕和文字；不要慢动作；人物脸和服装在各镜头之间保持一致。",ALPHA_G00_v001.mp4
G01,演播室·开口,Seedance 2.5,28,演唱,0.00,27.60,G01_演播室_开口.mp3,L01 14.43–21.03「望着你坐上远去的列车」；L02 21.03–27.60「汽笛声将悲伤情绪淹没」,@图片1=设定参考 MATURE（04_ALPHA_mature_reference）；@图片2=K11 NEW（手部与吉他特写）；@图片3=K20 NEW（面部与吉他极近景）；@图片4=K21 NEW（低角度弹唱中景）；@图片5=K17 NEW（演播室座椅背侧面）,6,,歌曲 0–28 秒（前奏、第 1–2 句）。中间我会插回忆闪切。,"参考：@图片1 是 ALPHA 现在的造型参考；@图片2 是 第 1 镜：手和吉他；@图片3 是 第 3 镜：唱第一句的极近景；@图片4 是 第 4 镜：低角度弹唱；@图片5 是 演播室全景和光线。@音频1 是这一段的演唱音频。
写实电影质感，像真实发生的事：35mm 变形宽银幕镜头，柯达 500T 胶片颗粒，低调的动机光源，深阴影，低饱和，2020 年代中国东北的真实街道和室内，轻微手持感。
ALPHA 是同一位成年女性机器人：银色分片机械脸、蓝紫色虹膜、青色嘴唇、耳侧圆形涡轮，脖子、手指和关节都是机械结构，身上没有任何人类皮肤。现在的她：青、黄、银三色机械外壳，头部黄色翼片，抱黄色机械电吉他（银色齿轮轮毂）。林姐：四十出头的中国女主持人，齐耳短发，黑色西装，说话温和。老杨：五十多岁的灯光师，花白头发、胡茬、深色工装马甲。
一共 6 个镜头，按时间切换（硬切）：
镜头1（0.0–5.0 秒）：手部特写（@图片2）：金属手指按弦、扫弦，弹前奏。
镜头2（5.0–10.0 秒）：全景（@图片5 的空间）：落地灯下她低头弹前奏，暗处的工作人员都坐着听；慢慢推近。
镜头3（10.0–14.4 秒）：胸口大特写：第一句之前，胸甲上一排细窄的散热缝缓缓张开，像吸了一口气。
镜头4（14.4–21.0 秒）：极近景（@图片3）：她低头唱第一句，金属分片嘴唇随音频开合，虹膜像光圈一样慢慢收小。
镜头5（21.0–24.5 秒）：低角度中景（@图片4）：她仰头唱第二句，头一格一格地抬起来，耳侧涡轮开始转动。
镜头6（24.5–28.0 秒）：反应镜头：梯子上的老杨慢慢摘下一只手套；暗处林姐把手卡放到腿上，摘下一边耳返。
演唱：ALPHA 的嘴型与 @音频1 同步，14.4–21.0 秒唱「望着你坐上远去的列车」；21.0–27.6 秒唱「汽笛声将悲伤情绪淹没」。27.6 秒以后音频是静音，她不再唱，嘴闭上。只有她的脸在画面里时才对口型，手部、背影、反应镜头里音频照常继续。
机器人式的深情演唱：头部按小角度一格一格地转动，每格之间停顿一下；唱长音时耳侧涡轮慢慢旋转；虹膜像相机光圈一样随情绪收缩、张开；胸甲的散热缝随乐句开合，代替呼吸；嘴唇是金属分片的开合，没有牙齿和舌头；情绪最满时手指有伺服电机般的细微颤动。
声音：以 @音频1 为准，不要另加背景音乐。
禁止：不要动画、3D 渲染或塑料玩具质感；ALPHA 身上不出现人类皮肤；不要牙齿和舌头；配角不出现机械结构；画面里不要字幕和文字；不要慢动作；人物脸和服装在各镜头之间保持一致。",ALPHA_G01_v001.mp4
G02,回忆·诞生,Seedance 2.5,30,剧情,,,,,@图片1=设定参考 B1（03_B1_prototype_selected）；@图片2=K24（实验室与老周对视）；@图片3=设定参考 G-B 木吉他（01_G_B_guitar_selected）；@图片4=R03（地铁广告与真人乐手，原图）,6,老周：会唱歌，就有人愿意听你说话了。／母亲：别碰，那是个东西。,B1 段（第 5–7 句）的回忆。,"参考：@图片1 是 ALPHA 初生造型；@图片2 是 实验室、老周的脸、第 1 镜的首帧；@图片3 是 木吉他；@图片4 是 第 5 镜：年轻乐手（同一个演员）。
写实电影质感，像真实发生的事：35mm 变形宽银幕镜头，柯达 500T 胶片颗粒，低调的动机光源，深阴影，低饱和，2020 年代中国东北的真实街道和室内，轻微手持感。
ALPHA 是同一位成年女性机器人：银色分片机械脸、蓝紫色虹膜、青色嘴唇、耳侧圆形涡轮，脖子、手指和关节都是机械结构，身上没有任何人类皮肤。初生的她：银白色机身带青色点缀，不穿衣服，不戴假发，用 G-B 蜂蜜色旧木吉他。老周：七十岁左右的中国老工程师，花白短发，旧眼镜，深色旧棉夹克（以参考图里的老人为准）。
一共 6 个镜头，按时间切换（硬切）：
镜头1（0.0–6.0 秒）：@图片2：夜里的旧实验室，她的眼睛第一次亮起，蓝光一格一格地变亮；对面的老周愣住，然后笑了。
镜头2（6.0–11.0 秒）：特写：老周的手覆在她的金属手指上，帮她按住 @图片3 木吉他的弦；她的手指很生硬。
镜头3（11.0–16.0 秒）：中景：桌上的旧录音机在放磁带，老周跟着哼，她歪着头听，头一格一格地转向他。
镜头4（16.0–21.0 秒）：街边：她背着木吉他站在路边；一个小女孩伸手碰了碰她的金属手指，母亲立刻把孩子拉开，没有看她。
镜头5（21.0–25.0 秒）：@图片4 的年轻乐手握着刚挂断的手机，回头看了她一眼，转身走了。
镜头6（25.0–30.0 秒）：她独自站在原地，低头看着自己被碰过的手指。
对白：老周：会唱歌，就有人愿意听你说话了。／母亲：别碰，那是个东西。（只做说话的动作，不出声，后期加字幕）。
声音：只要现场环境声（风、雨、火车、机器、人群），不要背景音乐，不要人唱歌，人物说话不出声（对白后期加字幕）。
禁止：不要动画、3D 渲染或塑料玩具质感；ALPHA 身上不出现人类皮肤；不要牙齿和舌头；配角不出现机械结构；画面里不要字幕和文字；不要慢动作；人物脸和服装在各镜头之间保持一致。",ALPHA_G02_v001.mp4
G03,回忆·被否定,Seedance 2.0,15,剧情,,,,,@图片1=设定参考 B1（03_B1_prototype_selected）；@图片2=K19（听证大厅俯拍全景）；@图片3=R03（地铁广告与真人乐手，原图）,3,专家：它没有生命。它的悲伤，只是一段被训练出来的程序。,C1 段（第 9–11 句）的回忆，快剪。,"参考：@图片1 是 ALPHA 初生造型；@图片2 是 第 2 镜：听证大厅；@图片3 是 第 3 镜：地铁通道（保留原图）。
写实电影质感，像真实发生的事：35mm 变形宽银幕镜头，柯达 500T 胶片颗粒，低调的动机光源，深阴影，低饱和，2020 年代中国东北的真实街道和室内，轻微手持感。
ALPHA 是同一位成年女性机器人：银色分片机械脸、蓝紫色虹膜、青色嘴唇、耳侧圆形涡轮，脖子、手指和关节都是机械结构，身上没有任何人类皮肤。初生的她：银白色机身带青色点缀，不穿衣服，不戴假发，用 G-B 蜂蜜色旧木吉他。
一共 3 个镜头，按时间切换（硬切）：
镜头1（0.0–5.0 秒）：黑暗的演出场地，一排排手机举起来，远处小舞台上很小的 ALPHA 在唱，人群在拍她、笑她。
镜头2（5.0–10.0 秒）：@图片2 俯拍：听证大厅，大屏幕上的投票一格一格变红；一位专家指着屏幕说话；她站在大厅中央，抬头看向高处。
镜头3（10.0–15.0 秒）：@图片3：地铁通道里她弹唱，人流从她身边走过，没有一个人停下。
对白：专家：它没有生命。它的悲伤，只是一段被训练出来的程序。（只做说话的动作，不出声，后期加字幕）。
声音：只要现场环境声（风、雨、火车、机器、人群），不要背景音乐，不要人唱歌，人物说话不出声（对白后期加字幕）。
禁止：不要动画、3D 渲染或塑料玩具质感；ALPHA 身上不出现人类皮肤；不要牙齿和舌头；配角不出现机械结构；画面里不要字幕和文字；不要慢动作；人物脸和服装在各镜头之间保持一致。",ALPHA_G03_v001.mp4
G04,演播室·真心的人,Seedance 2.5,27,演唱,60.70,87.00,G04_演播室_真心的人.mp3,L08 0.32–6.10「真心的人又能有几个」；L09 6.92–13.58「谁不是谁今生的过客」；L10 13.58–20.30「谁的一生注定不蹉跎」；L11 20.30–26.30「亲爱的朋友不必难过」,@图片1=设定参考 MATURE（04_ALPHA_mature_reference）；@图片2=K18 NEW（演播室弹唱近景）；@图片3=K13 NEW（低角度仰拍弹唱）；@图片4=K20 NEW（面部与吉他极近景）,5,,歌曲 61–87 秒（第 8–11 句），和 G03、G05 交叉剪。,"参考：@图片1 是 ALPHA 现在的造型参考；@图片2 是 第 1 镜：弹唱近景；@图片3 是 第 3 镜：低角度仰拍；@图片4 是 第 4 镜：极近景。@音频1 是这一段的演唱音频。
写实电影质感，像真实发生的事：35mm 变形宽银幕镜头，柯达 500T 胶片颗粒，低调的动机光源，深阴影，低饱和，2020 年代中国东北的真实街道和室内，轻微手持感。
ALPHA 是同一位成年女性机器人：银色分片机械脸、蓝紫色虹膜、青色嘴唇、耳侧圆形涡轮，脖子、手指和关节都是机械结构，身上没有任何人类皮肤。现在的她：青、黄、银三色机械外壳，头部黄色翼片，抱黄色机械电吉他（银色齿轮轮毂）。林姐：四十出头的中国女主持人，齐耳短发，黑色西装，说话温和。
一共 5 个镜头，按时间切换（硬切）：
镜头1（0.0–6.0 秒）：近景（@图片2）：她唱“真心的人又能有几个”，头一格一格地偏向一侧，像在找一个人。
镜头2（6.0–10.0 秒）：耳侧大特写：唱长音时耳侧涡轮缓缓旋转，叶片之间透出微光。
镜头3（10.0–17.0 秒）：低角度（@图片3）：她闭上眼唱，胸甲散热缝随乐句开合。
镜头4（17.0–21.0 秒）：林姐近景：她眼眶发红，一滴泪落在手卡上，墨迹晕开。
镜头5（21.0–27.0 秒）：极近景（@图片4）：她睁开眼继续唱，虹膜慢慢张开；句尾左手离开琴颈，五指慢慢合拢，像握着什么，手指有细微颤动。
演唱：ALPHA 的嘴型与 @音频1 同步，0.3–6.1 秒唱「真心的人又能有几个」；6.9–13.6 秒唱「谁不是谁今生的过客」；13.6–20.3 秒唱「谁的一生注定不蹉跎」；20.3–26.3 秒唱「亲爱的朋友不必难过」。26.3 秒以后音频是静音，她不再唱，嘴闭上。只有她的脸在画面里时才对口型，手部、背影、反应镜头里音频照常继续。
机器人式的深情演唱：头部按小角度一格一格地转动，每格之间停顿一下；唱长音时耳侧涡轮慢慢旋转；虹膜像相机光圈一样随情绪收缩、张开；胸甲的散热缝随乐句开合，代替呼吸；嘴唇是金属分片的开合，没有牙齿和舌头；情绪最满时手指有伺服电机般的细微颤动。
声音：以 @音频1 为准，不要另加背景音乐。
禁止：不要动画、3D 渲染或塑料玩具质感；ALPHA 身上不出现人类皮肤；不要牙齿和舌头；配角不出现机械结构；画面里不要字幕和文字；不要慢动作；人物脸和服装在各镜头之间保持一致。",ALPHA_G04_v001.mp4
G05,回忆·照顾与报废,Seedance 2.5,30,剧情,,,,,@图片1=设定参考 B1（03_B1_prototype_selected）；@图片2=K24（实验室与老周对视）；@图片3=设定参考 G-B 木吉他（01_G_B_guitar_selected）,6,ALPHA：他们为什么怕我？／老周：不是怕你。是怕自己被落下。,C1 段尾和间奏（88–110 秒）。,"参考：@图片1 是 ALPHA 初生造型；@图片2 是 老周的脸和实验室；@图片3 是 木吉他。
写实电影质感，像真实发生的事：35mm 变形宽银幕镜头，柯达 500T 胶片颗粒，低调的动机光源，深阴影，低饱和，2020 年代中国东北的真实街道和室内，轻微手持感。
ALPHA 是同一位成年女性机器人：银色分片机械脸、蓝紫色虹膜、青色嘴唇、耳侧圆形涡轮，脖子、手指和关节都是机械结构，身上没有任何人类皮肤。初生的她：银白色机身带青色点缀，不穿衣服，不戴假发，用 G-B 蜂蜜色旧木吉他。老周：七十岁左右的中国老工程师，花白短发，旧眼镜，深色旧棉夹克（以参考图里的老人为准）。
一共 6 个镜头，按时间切换（硬切）：
镜头1（0.0–4.0 秒）：冷藏室门口：老周拿着一串刚找到的钥匙，愣在原地，想不起来自己要做什么。
镜头2（4.0–7.0 秒）：特写：老人的手背上用圆珠笔写着“记得给 ALPHA 充电”。
镜头3（7.0–13.0 秒）：实验室：老周把一颗黄色糖纸的润喉糖放进她的金属手心，她慢慢握住；两人说话。
镜头4（13.0–17.0 秒）：打印机吐出一张带红章的通知。
镜头5（17.0–23.0 秒）：仓库：篷布下的蓝光一点点暗下去，熄灭。
镜头6（23.0–30.0 秒）：老周掀开篷布，她的眼睛闪了两下，亮了；老人松了一口气。
对白：ALPHA：他们为什么怕我？／老周：不是怕你。是怕自己被落下。（只做说话的动作，不出声，后期加字幕）。
声音：只要现场环境声（风、雨、火车、机器、人群），不要背景音乐，不要人唱歌，人物说话不出声（对白后期加字幕）。
禁止：不要动画、3D 渲染或塑料玩具质感；ALPHA 身上不出现人类皮肤；不要牙齿和舌头；配角不出现机械结构；画面里不要字幕和文字；不要慢动作；人物脸和服装在各镜头之间保持一致。",ALPHA_G05_v001.mp4
G06,回忆·告别,Seedance 2.5,30,剧情,,,,,@图片1=设定参考 B1（03_B1_prototype_selected）；@图片2=设定参考 B3（02_B3_unmasked_selected）；@图片3=K25（车站老周披衣告别）；@图片4=K30（空站台坐着弹琴）；@图片5=设定参考 G-B 木吉他（01_G_B_guitar_selected）,6,老周：天冷，穿上。／老周：去唱吧。别在仓库里等我。,间奏到 A2（110–144 秒）。列车和雨的镜头也会在开头当闪切用。,"参考：@图片1 是 第 1 镜 ALPHA 的造型；@图片2 是 第 3 镜之后 ALPHA 的造型（羽绒服、围巾）；@图片3 是 第 3 镜的首帧：车站、老周；@图片4 是 站台环境；@图片5 是 木吉他。
写实电影质感，像真实发生的事：35mm 变形宽银幕镜头，柯达 500T 胶片颗粒，低调的动机光源，深阴影，低饱和，2020 年代中国东北的真实街道和室内，轻微手持感。
ALPHA 是同一位成年女性机器人：银色分片机械脸、蓝紫色虹膜、青色嘴唇、耳侧圆形涡轮，脖子、手指和关节都是机械结构，身上没有任何人类皮肤。初生的她：银白色机身带青色点缀，不穿衣服，不戴假发，用 G-B 蜂蜜色旧木吉他。老周：七十岁左右的中国老工程师，花白短发，旧眼镜，深色旧棉夹克（以参考图里的老人为准）。
一共 6 个镜头，按时间切换（硬切）：
镜头1（0.0–6.0 秒）：雾里的乡间小路：老周拖着行李箱，她背着木吉他（@图片1 本体，没穿外衣），两人并排走向小站，都不说话。
镜头2（6.0–9.0 秒）：雨水顺着车站告示往下流，老人的手握紧行李箱拉杆。
镜头3（9.0–16.0 秒）：@图片3：站台上，老周给她穿上新买的黑色长羽绒服，拉好领口，把自己的灰围巾绕在她脖子上，说了一句话。
镜头4（16.0–22.0 秒）：列车开走，车窗里的老周越来越小；她抬起一只手，站台上只剩下她。
镜头5（22.0–26.0 秒）：大特写：一滴雨顺着她脸上的金属接缝滑下。
镜头6（26.0–30.0 秒）：固定机位：她一动不动地站在空站台上，天色从白天慢慢变成黄昏。
对白：老周：天冷，穿上。／老周：去唱吧。别在仓库里等我。（只做说话的动作，不出声，后期加字幕）。
声音：只要现场环境声（风、雨、火车、机器、人群），不要背景音乐，不要人唱歌，人物说话不出声（对白后期加字幕）。
禁止：不要动画、3D 渲染或塑料玩具质感；ALPHA 身上不出现人类皮肤；不要牙齿和舌头；配角不出现机械结构；画面里不要字幕和文字；不要慢动作；人物脸和服装在各镜头之间保持一致。",ALPHA_G06_v001.mp4
G07,站台·第一次弹唱,Seedance 2.0,14,演唱,137.40,150.85,G07_站台_第一次弹唱.mp3,L15 0.30–6.96「站台上忽然一阵风吹过」；L16 6.96–12.45「一滴泪在我的眼角滑落」,@图片1=K30（空站台坐着弹琴）；@图片2=设定参考 B3（02_B3_unmasked_selected）；@图片3=设定参考 G-B 木吉他（01_G_B_guitar_selected）,2,,A2 段尾（137–151 秒）。,"参考：@图片1 是 首帧：空站台长椅；@图片2 是 ALPHA 的造型（羽绒服、围巾）；@图片3 是 木吉他。@音频1 是这一段的演唱音频。
写实电影质感，像真实发生的事：35mm 变形宽银幕镜头，柯达 500T 胶片颗粒，低调的动机光源，深阴影，低饱和，2020 年代中国东北的真实街道和室内，轻微手持感。
ALPHA 是同一位成年女性机器人：银色分片机械脸、蓝紫色虹膜、青色嘴唇、耳侧圆形涡轮，脖子、手指和关节都是机械结构，身上没有任何人类皮肤。她穿黑色长羽绒服、围灰色针织围巾（老周的围巾），不戴假发，背 G-B 木吉他。
一共 2 个镜头，按时间切换（硬切）：
镜头1（0.0–6.0 秒）：@图片1 远景：黄昏雨后的空站台，她坐在长椅上，第一次抱起木吉他弹唱这首歌。
镜头2（6.0–14.0 秒）：侧脸近景：她低头唱“一滴泪在我的眼角滑落”，嘴唇金属分片开合，雨水从站台棚檐滴下。
演唱：ALPHA 的嘴型与 @音频1 同步，0.3–7.0 秒唱「站台上忽然一阵风吹过」；7.0–12.4 秒唱「一滴泪在我的眼角滑落」。13.4 秒以后音频是静音，她不再唱，嘴闭上。只有她的脸在画面里时才对口型，手部、背影、反应镜头里音频照常继续。
机器人式的深情演唱：头部按小角度一格一格地转动，每格之间停顿一下；唱长音时耳侧涡轮慢慢旋转；虹膜像相机光圈一样随情绪收缩、张开；胸甲的散热缝随乐句开合，代替呼吸；嘴唇是金属分片的开合，没有牙齿和舌头；情绪最满时手指有伺服电机般的细微颤动。
声音：以 @音频1 为准，不要另加背景音乐。
禁止：不要动画、3D 渲染或塑料玩具质感；ALPHA 身上不出现人类皮肤；不要牙齿和舌头；配角不出现机械结构；画面里不要字幕和文字；不要慢动作；人物脸和服装在各镜头之间保持一致。",ALPHA_G07_v001.mp4
G08,低谷蒙太奇,Seedance 2.5,30,剧情,,,,,@图片1=R02（公厕镜前戴假发）；@图片2=K03（劳务市场等待）；@图片3=K07（拆解厂捧起机器人头部）；@图片4=K06 v2（雷雨中的输电塔）；@图片5=K26（冷库搬箱子）；@图片6=K31 v2（小巷黑市充电）；@图片7=K04 v2（红灯房间靠墙坐着）；@图片8=设定参考 B3（02_B3_unmasked_selected）,8,,B2 段（151–164 秒）快剪，每个镜头大约只用 1.5–2 秒。,"参考：@图片1 是 第 1 镜：公厕镜子；@图片2 是 第 3 镜：劳务市场；@图片3 是 第 4 镜：拆解厂，默默；@图片4 是 第 5 镜：雷雨电塔；@图片5 是 第 6 镜：冷库；@图片6 是 第 7 镜：黑市充电；@图片7 是 第 8 镜：红灯房间；@图片8 是 ALPHA 的羽绒服造型。
写实电影质感，像真实发生的事：35mm 变形宽银幕镜头，柯达 500T 胶片颗粒，低调的动机光源，深阴影，低饱和，2020 年代中国东北的真实街道和室内，轻微手持感。
ALPHA 是同一位成年女性机器人：银色分片机械脸、蓝紫色虹膜、青色嘴唇、耳侧圆形涡轮，脖子、手指和关节都是机械结构，身上没有任何人类皮肤。低谷期的她：黑色长羽绒服、灰围巾，头上一顶廉价、戴歪的黑色假发（假发绕开耳侧涡轮，不穿插）。小鹿、阿凯、默默始终是普通人外观：没有任何金属、线路或机械结构，影子和倒影正常。阿凯穿黑色皮夹克、戴露指皮手套。
一共 8 个镜头，按时间切换（硬切）：
镜头1（0.0–4.0 秒）：@图片1：公厕镜前，她把一顶廉价黑假发往金属头上戴正；镜子里只有一张脸，镜中手和前景手同步。
镜头2（4.0–7.0 秒）：雨夜：面馆老板推开门，挥手把在屋檐下躲雨的她赶走。
镜头3（7.0–10.0 秒）：@图片2：劳务市场，一辆面包车开过来，车里的人看了她一眼，没停。
镜头4（10.0–14.0 秒）：@图片3：拆解厂，她用金属手指按住一个同型号机器人头的眼睛，蓝光熄灭；对面的默默抬头看她。
镜头5（14.0–17.0 秒）：@图片4：闪电劈下，她背对镜头走向输电塔。
镜头6（17.0–21.0 秒）：@图片5：冷库，她背对镜头搬着箱子走过，工人们都在呼白气，只有她和默默不呼白气。
镜头7（21.0–25.0 秒）：@图片6：小巷黑市，电贩子数钱；她靠墙，颈后接着线，眼睛慢慢亮起。
镜头8（25.0–30.0 秒）：@图片7：红灯房间，她靠墙坐着，怀里抱着自己掉下来的外壳碎片，挤出一个苦涩的笑。
声音：只要现场环境声（风、雨、火车、机器、人群），不要背景音乐，不要人唱歌，人物说话不出声（对白后期加字幕）。
禁止：不要动画、3D 渲染或塑料玩具质感；ALPHA 身上不出现人类皮肤；不要牙齿和舌头；配角不出现机械结构；画面里不要字幕和文字；不要慢动作；人物脸和服装在各镜头之间保持一致。",ALPHA_G08_v001.mp4
G09,夜场·卖唱,Seedance 2.0,14,演唱,164.00,177.45,G09_夜场_卖唱.mp3,L19 0.37–7.00「在人来人往的尘世间」；L20 7.00–13.35「真心的人又能有几个」,@图片1=K29 v2（包间拿麦克风演唱）；@图片2=K02（侧脸对着麦克风）；@图片3=K10（三位伪装者，原图）,3,,B2 段（164–177 秒），第 19–20 句。,"参考：@图片1 是 第 1 镜的首帧：包间；@图片2 是 第 3 镜：侧脸对麦克风；@图片3 是 阿凯的样子（只看人，不要照搬构图）。@音频1 是这一段的演唱音频。
写实电影质感，像真实发生的事：35mm 变形宽银幕镜头，柯达 500T 胶片颗粒，低调的动机光源，深阴影，低饱和，2020 年代中国东北的真实街道和室内，轻微手持感。
ALPHA 是同一位成年女性机器人：银色分片机械脸、蓝紫色虹膜、青色嘴唇、耳侧圆形涡轮，脖子、手指和关节都是机械结构，身上没有任何人类皮肤。夜场装的她：黑色露肩短上装和短裙，露出的肩、臂、腰、腿全是机械材质，戴廉价黑假发。小鹿、阿凯、默默始终是普通人外观：没有任何金属、线路或机械结构，影子和倒影正常。阿凯穿黑色皮夹克、戴露指皮手套。
一共 3 个镜头，按时间切换（硬切）：
镜头1（0.0–6.0 秒）：@图片1：KTV 包间中央，她拿着麦克风职业性地笑着唱，沙发上的人在喝酒，没人听。
镜头2（6.0–9.0 秒）：一个醉汉伸手拽住她的手腕，她还在唱；一只戴露指皮手套的手从画外伸进来，捏住醉汉的手腕（只拍到阿凯的手和袖口）。
镜头3（9.0–14.0 秒）：@图片2：后台帘幕边，她侧脸对着麦克风继续唱，灯光很暗。
演唱：ALPHA 的嘴型与 @音频1 同步，0.4–7.0 秒唱「在人来人往的尘世间」；7.0–13.3 秒唱「真心的人又能有几个」。13.4 秒以后音频是静音，她不再唱，嘴闭上。只有她的脸在画面里时才对口型，手部、背影、反应镜头里音频照常继续。
机器人式的深情演唱：头部按小角度一格一格地转动，每格之间停顿一下；唱长音时耳侧涡轮慢慢旋转；虹膜像相机光圈一样随情绪收缩、张开；胸甲的散热缝随乐句开合，代替呼吸；嘴唇是金属分片的开合，没有牙齿和舌头；情绪最满时手指有伺服电机般的细微颤动。
声音：以 @音频1 为准，不要另加背景音乐。
禁止：不要动画、3D 渲染或塑料玩具质感；ALPHA 身上不出现人类皮肤；不要牙齿和舌头；配角不出现机械结构；画面里不要字幕和文字；不要慢动作；人物脸和服装在各镜头之间保持一致。",ALPHA_G09_v001.mp4
G10,地下通道·同类,Seedance 2.5,20,演唱＋剧情,177.35,184.15,G10_地下通道_同类.mp3,L21 0.28–6.80「谁不是谁今生的过客」,@图片1=K15（地下通道卖唱）；@图片2=K09（走廊里小鹿给电）；@图片3=K10（三位伪装者，原图）；@图片4=R04（摘假发后正面近景）；@图片5=K16（摘掉假发后）,5,小鹿：我们也是。,C2 开头（177–191 秒）。音频只有第 21 句，之后是静音：拔插头以后她不再唱。,"参考：@图片1 是 第 1 镜的首帧：地下通道；@图片2 是 第 3 镜：小鹿给电；@图片3 是 第 4 镜：三位伪装者；@图片4 是 第 5 镜：摘假发；@图片5 是 第 5 镜结尾：摘掉假发后。@音频1 是这一段的演唱音频。
写实电影质感，像真实发生的事：35mm 变形宽银幕镜头，柯达 500T 胶片颗粒，低调的动机光源，深阴影，低饱和，2020 年代中国东北的真实街道和室内，轻微手持感。
ALPHA 是同一位成年女性机器人：银色分片机械脸、蓝紫色虹膜、青色嘴唇、耳侧圆形涡轮，脖子、手指和关节都是机械结构，身上没有任何人类皮肤。低谷期的她：黑色长羽绒服、灰围巾，头上一顶廉价、戴歪的黑色假发（假发绕开耳侧涡轮，不穿插）。小鹿、阿凯、默默始终是普通人外观：没有任何金属、线路或机械结构，影子和倒影正常。阿凯穿黑色皮夹克、戴露指皮手套。
一共 5 个镜头，按时间切换（硬切）：
镜头1（0.0–7.0 秒）：@图片1：地下通道，她靠墙坐着弹唱（戴假发、羽绒服）。
镜头2（7.0–9.0 秒）：音乐停了：保安弯腰拔掉她音箱的插头，她停住，眼睛的光暗下去。
镜头3（9.0–13.0 秒）：@图片2：走廊里，小鹿蹲下，把从袖口里拉出的一根细线接到她身上，她的眼睛一点点亮起来；小鹿的皮肤完好。
镜头4（13.0–16.0 秒）：@图片3：低机位，小鹿、阿凯、默默三个人静静地站着看她。
镜头5（16.0–20.0 秒）：出租屋：她抬手摘下假发，放在桌上，露出完整的金属头（首帧戴着，尾帧摘掉）。
演唱：ALPHA 的嘴型与 @音频1 同步，0.3–6.8 秒唱「谁不是谁今生的过客」。6.8 秒以后音频是静音，她不再唱，嘴闭上。只有她的脸在画面里时才对口型，手部、背影、反应镜头里音频照常继续。
机器人式的深情演唱：头部按小角度一格一格地转动，每格之间停顿一下；唱长音时耳侧涡轮慢慢旋转；虹膜像相机光圈一样随情绪收缩、张开；胸甲的散热缝随乐句开合，代替呼吸；嘴唇是金属分片的开合，没有牙齿和舌头；情绪最满时手指有伺服电机般的细微颤动。
对白：小鹿：我们也是。（只做说话的动作，不出声，后期加字幕）。
声音：以 @音频1 为准，不要另加背景音乐。
禁止：不要动画、3D 渲染或塑料玩具质感；ALPHA 身上不出现人类皮肤；不要牙齿和舌头；配角不出现机械结构；画面里不要字幕和文字；不要慢动作；人物脸和服装在各镜头之间保持一致。",ALPHA_G10_v001.mp4
G11,雨夜天台,Seedance 2.5,20,演唱,184.00,204.00,G11_雨夜天台.mp3,L22 0.29–6.98「谁的一生注定不蹉跎」；L23 6.98–13.70「亲爱的朋友不必难过」；L24 13.70–19.44「终有某天还会再见的」,@图片1=K08（雨夜天台合奏）；@图片2=K27（雨夜天台仰头弹唱）；@图片3=K14（夜色住宅区空镜，原图）；@图片4=设定参考 G-B 木吉他（01_G_B_guitar_selected）,4,,C2 段（184–204 秒），第 22–24 句。,"参考：@图片1 是 第 1 镜的首帧：天台合奏；@图片2 是 第 2 镜：仰头弹唱；@图片3 是 第 4 镜：住宅区夜景（原图）；@图片4 是 木吉他。@音频1 是这一段的演唱音频。
写实电影质感，像真实发生的事：35mm 变形宽银幕镜头，柯达 500T 胶片颗粒，低调的动机光源，深阴影，低饱和，2020 年代中国东北的真实街道和室内，轻微手持感。
ALPHA 是同一位成年女性机器人：银色分片机械脸、蓝紫色虹膜、青色嘴唇、耳侧圆形涡轮，脖子、手指和关节都是机械结构，身上没有任何人类皮肤。她穿黑色长羽绒服、围灰色针织围巾（老周的围巾），不戴假发，背 G-B 木吉他。小鹿、阿凯、默默始终是普通人外观：没有任何金属、线路或机械结构，影子和倒影正常。阿凯穿黑色皮夹克、戴露指皮手套。
一共 4 个镜头，按时间切换（硬切）：
镜头1（0.0–7.0 秒）：@图片1：雨夜天台，她不戴假发，抱着木吉他弹唱；阿凯在旁边跟着大声吼唱，小鹿和默默在后面。
镜头2（7.0–13.0 秒）：@图片2：她仰头唱，雨水顺着金属脸流下，耳侧涡轮转动。
镜头3（13.0–16.0 秒）：近景：阿凯闭着眼跟着吼，手里打着拍子。
镜头4（16.0–20.0 秒）：@图片3：对面的住宅楼，一扇扇窗户陆续亮起来。
演唱：ALPHA 的嘴型与 @音频1 同步，0.3–7.0 秒唱「谁的一生注定不蹉跎」；7.0–13.7 秒唱「亲爱的朋友不必难过」；13.7–19.4 秒唱「终有某天还会再见的」。只有她的脸在画面里时才对口型，手部、背影、反应镜头里音频照常继续。
机器人式的深情演唱：头部按小角度一格一格地转动，每格之间停顿一下；唱长音时耳侧涡轮慢慢旋转；虹膜像相机光圈一样随情绪收缩、张开；胸甲的散热缝随乐句开合，代替呼吸；嘴唇是金属分片的开合，没有牙齿和舌头；情绪最满时手指有伺服电机般的细微颤动。
声音：以 @音频1 为准，不要另加背景音乐。
禁止：不要动画、3D 渲染或塑料玩具质感；ALPHA 身上不出现人类皮肤；不要牙齿和舌头；配角不出现机械结构；画面里不要字幕和文字；不要慢动作；人物脸和服装在各镜头之间保持一致。",ALPHA_G11_v001.mp4
G12,演播室·最高音到最后,Seedance 2.5,27,演唱,197.40,224.15,G12_演播室_最高音到最后.mp3,L24 0.30–6.04「终有某天还会再见的」；L25 7.08–13.68「流着泪唱完了这首歌」；L26 13.68–20.40「希望你会永远记得我」；L27 20.40–26.75「在某个冬夜无眠的时刻」,@图片1=设定参考 MATURE（04_ALPHA_mature_reference）；@图片2=K13 NEW（低角度仰拍弹唱）；@图片3=K18 NEW（演播室弹唱近景）；@图片4=K11 NEW（手部与吉他特写）；@图片5=K10（三位伪装者，原图）,5,,歌曲 197–224 秒（第 24–27 句），和 G11、G13 交叉剪。,"参考：@图片1 是 ALPHA 现在的造型参考；@图片2 是 第 1 镜：低角度仰拍；@图片3 是 第 2 镜：弹唱近景；@图片4 是 第 4 镜：手和吉他；@图片5 是 阿凯的样子（只看人）。@音频1 是这一段的演唱音频。
写实电影质感，像真实发生的事：35mm 变形宽银幕镜头，柯达 500T 胶片颗粒，低调的动机光源，深阴影，低饱和，2020 年代中国东北的真实街道和室内，轻微手持感。
ALPHA 是同一位成年女性机器人：银色分片机械脸、蓝紫色虹膜、青色嘴唇、耳侧圆形涡轮，脖子、手指和关节都是机械结构，身上没有任何人类皮肤。现在的她：青、黄、银三色机械外壳，头部黄色翼片，抱黄色机械电吉他（银色齿轮轮毂）。老杨：五十多岁的灯光师，花白头发、胡茬、深色工装马甲。小鹿、阿凯、默默始终是普通人外观：没有任何金属、线路或机械结构，影子和倒影正常。阿凯穿黑色皮夹克、戴露指皮手套。
一共 5 个镜头，按时间切换（硬切）：
镜头1（0.0–7.0 秒）：低角度仰拍（@图片2）：她仰头唱出最高音，背后梯子上是老杨的剪影，耳侧涡轮转得很快。
镜头2（7.0–14.0 秒）：近景（@图片3）：她唱最后几句，头一格一格地低下来，手越弹越慢。
镜头3（14.0–18.0 秒）：侧台暗处：阿凯站在最前，小鹿和默默在后；阿凯慢慢摘下一只皮手套。
镜头4（18.0–23.0 秒）：近景：她唱，虹膜慢慢张开，散热缝轻轻开合。
镜头5（23.0–27.0 秒）：手部特写（@图片4）：她不再扫弦，两根金属手指在琴身上轻轻敲拍子。
演唱：ALPHA 的嘴型与 @音频1 同步，0.3–6.0 秒唱「终有某天还会再见的」；7.1–13.7 秒唱「流着泪唱完了这首歌」；13.7–20.4 秒唱「希望你会永远记得我」；20.4–26.8 秒唱「在某个冬夜无眠的时刻」。只有她的脸在画面里时才对口型，手部、背影、反应镜头里音频照常继续。
机器人式的深情演唱：头部按小角度一格一格地转动，每格之间停顿一下；唱长音时耳侧涡轮慢慢旋转；虹膜像相机光圈一样随情绪收缩、张开；胸甲的散热缝随乐句开合，代替呼吸；嘴唇是金属分片的开合，没有牙齿和舌头；情绪最满时手指有伺服电机般的细微颤动。
声音：以 @音频1 为准，不要另加背景音乐。
禁止：不要动画、3D 渲染或塑料玩具质感；ALPHA 身上不出现人类皮肤；不要牙齿和舌头；配角不出现机械结构；画面里不要字幕和文字；不要慢动作；人物脸和服装在各镜头之间保持一致。",ALPHA_G12_v001.mp4
G13,之后·冬与春,Seedance 2.5,25,剧情,,,,,@图片1=K28（春天与老周并坐长椅）；@图片2=K25（车站老周披衣告别）；@图片3=设定参考 MATURE（04_ALPHA_mature_reference）；@图片4=设定参考 G-B 木吉他（01_G_B_guitar_selected）,4,女儿：爸，你还记得她吗？,尾段（211–231 秒）。,"参考：@图片1 是 老周的脸、春天的 ALPHA；@图片2 是 老周的脸（冬天）；@图片3 是 春天 ALPHA 的造型；@图片4 是 琴盒里的木吉他。
写实电影质感，像真实发生的事：35mm 变形宽银幕镜头，柯达 500T 胶片颗粒，低调的动机光源，深阴影，低饱和，2020 年代中国东北的真实街道和室内，轻微手持感。
ALPHA 是同一位成年女性机器人：银色分片机械脸、蓝紫色虹膜、青色嘴唇、耳侧圆形涡轮，脖子、手指和关节都是机械结构，身上没有任何人类皮肤。现在的她：青、黄、银三色机械外壳，头部黄色翼片，抱黄色机械电吉他（银色齿轮轮毂）。老周：七十岁左右的中国老工程师，花白短发，旧眼镜，深色旧棉夹克（以参考图里的老人为准）。
一共 4 个镜头，按时间切换（硬切）：
镜头1（0.0–7.0 秒）：冬夜，养老院的房间：女儿把手机递给坐在扶手椅上的老周，屏幕上是 ALPHA 唱歌的视频；老人茫然地摇头，眼睛却一直看着屏幕。
镜头2（7.0–12.0 秒）：特写：老人搭在扶手上的食指和中指，跟着节拍轻轻敲。
镜头3（12.0–19.0 秒）：春天：一列绿皮火车进站，她背着装着 @图片4 木吉他的旧琴盒走下车（成熟造型）。
镜头4（19.0–25.0 秒）：她抬头看站台，风吹落一阵花瓣。
对白：女儿：爸，你还记得她吗？（只做说话的动作，不出声，后期加字幕）。
声音：只要现场环境声（风、雨、火车、机器、人群），不要背景音乐，不要人唱歌，人物说话不出声（对白后期加字幕）。
禁止：不要动画、3D 渲染或塑料玩具质感；ALPHA 身上不出现人类皮肤；不要牙齿和舌头；配角不出现机械结构；画面里不要字幕和文字；不要慢动作；人物脸和服装在各镜头之间保持一致。",ALPHA_G13_v001.mp4
G14,演播室·掌声与回答,Seedance 2.0,15,剧情,,,,,@图片1=K17 NEW（演播室座椅背侧面）；@图片2=R05 NEW（演播室背侧近景）；@图片3=设定参考 MATURE（04_ALPHA_mature_reference）；@图片4=G00 截帧,3,林姐：所以……你的悲伤，是真的吗？／ALPHA：我不知道它算不算真的。他走的那天，我在站台站了七个小时。,尾奏（231–240 秒）和结尾访谈。,"参考：@图片1 是 第 1 镜：座椅背侧面；@图片2 是 第 2 镜：背侧近景；@图片3 是 ALPHA 现在的造型；@图片4 是 林姐的脸（从 G00 的成片里截一帧）。
写实电影质感，像真实发生的事：35mm 变形宽银幕镜头，柯达 500T 胶片颗粒，低调的动机光源，深阴影，低饱和，2020 年代中国东北的真实街道和室内，轻微手持感。
ALPHA 是同一位成年女性机器人：银色分片机械脸、蓝紫色虹膜、青色嘴唇、耳侧圆形涡轮，脖子、手指和关节都是机械结构，身上没有任何人类皮肤。现在的她：青、黄、银三色机械外壳，头部黄色翼片，抱黄色机械电吉他（银色齿轮轮毂）。林姐：四十出头的中国女主持人，齐耳短发，黑色西装，说话温和。老杨：五十多岁的灯光师，花白头发、胡茬、深色工装马甲。
一共 3 个镜头，按时间切换（硬切）：
镜头1（0.0–5.0 秒）：@图片1：最后一个和弦结束，棚里安静了两秒；梯子上的老杨第一个鼓掌，工作人员一个个站起来。
镜头2（5.0–9.0 秒）：@图片2：她站起来，转向工作人员，向他们鞠了一躬，鞠躬的动作一格一格的。
镜头3（9.0–15.0 秒）：双人中景：落地灯在两人之间，林姐身体前倾轻声问；ALPHA 停了很久，慢慢回答，头一格一格地低下。
对白：林姐：所以……你的悲伤，是真的吗？／ALPHA：我不知道它算不算真的。他走的那天，我在站台站了七个小时。（只做说话的动作，不出声，后期加字幕）。
声音：只要现场环境声（风、雨、火车、机器、人群），不要背景音乐，不要人唱歌，人物说话不出声（对白后期加字幕）。
禁止：不要动画、3D 渲染或塑料玩具质感；ALPHA 身上不出现人类皮肤；不要牙齿和舌头；配角不出现机械结构；画面里不要字幕和文字；不要慢动作；人物脸和服装在各镜头之间保持一致。",ALPHA_G14_v001.mp4
G15,春天长椅,Seedance 2.0,12,剧情,,,,,@图片1=K28（春天与老周并坐长椅）；@图片2=设定参考 MATURE（04_ALPHA_mature_reference）,2,老周：你唱得真好。你叫什么名字？／ALPHA：ALPHA。／老周：阿尔法……好名字。像是第一个。,结尾最后一场。,"参考：@图片1 是 首帧：春天长椅；@图片2 是 ALPHA 的造型。
写实电影质感，像真实发生的事：35mm 变形宽银幕镜头，柯达 500T 胶片颗粒，低调的动机光源，深阴影，低饱和，2020 年代中国东北的真实街道和室内，轻微手持感。
ALPHA 是同一位成年女性机器人：银色分片机械脸、蓝紫色虹膜、青色嘴唇、耳侧圆形涡轮，脖子、手指和关节都是机械结构，身上没有任何人类皮肤。现在的她：青、黄、银三色机械外壳，头部黄色翼片，抱黄色机械电吉他（银色齿轮轮毂）。老周：七十岁左右的中国老工程师，花白短发，旧眼镜，深色旧棉夹克（以参考图里的老人为准）。
一共 2 个镜头，按时间切换（硬切）：
镜头1（0.0–6.0 秒）：@图片1：春天的长椅，老人像对陌生人一样问她的名字，她回答。
镜头2（6.0–12.0 秒）：老人想了想，笑了；远处一列火车开过，两人一起看着。
对白：老周：你唱得真好。你叫什么名字？／ALPHA：ALPHA。／老周：阿尔法……好名字。像是第一个。（只做说话的动作，不出声，后期加字幕）。
声音：只要现场环境声（风、雨、火车、机器、人群），不要背景音乐，不要人唱歌，人物说话不出声（对白后期加字幕）。
禁止：不要动画、3D 渲染或塑料玩具质感；ALPHA 身上不出现人类皮肤；不要牙齿和舌头；配角不出现机械结构；画面里不要字幕和文字；不要慢动作；人物脸和服装在各镜头之间保持一致。",ALPHA_G15_v001.mp4
