order,shot_id,title,time,duration_sec,mode,status,source,upload_spec,upload_plan,scene_anchor_material_ids,scene_anchor_files,missing_refs,candidate_refs,notes,expected
1,O1,贴领夹麦,剧本/支持镜头,待剪辑分配,文生视频,补充镜头/待节奏确认,MJ提示词-v8.1 (2).md,图1 = ALPHA 参考,图1:ALPHA 参考=>MAT-005,,,,,ALPHA 参考：现有 S22a，可作为 ALPHA 稳定参考；角色卡可作备用,从 MJ 静帧提示词和剧本语境继承；需生成前复核
2,O2,“加点呼吸声”,剧本/支持镜头,待剪辑分配,文生视频,补充镜头/待节奏确认,MJ提示词-v8.1 (2).md,图1 = ALPHA 参考,图1:ALPHA 参考=>MAT-005,,,,,ALPHA 参考：现有 S22a，可作为 ALPHA 稳定参考；角色卡可作备用,从 MJ 静帧提示词和剧本语境继承；需生成前复核
3,O3,白卡调白平衡,剧本/支持镜头,待剪辑分配,文生视频,补充镜头/待节奏确认,MJ提示词-v8.1 (2).md,图1 = ALPHA 参考,图1:ALPHA 参考=>MAT-005,,,,,ALPHA 参考：现有 S22a，可作为 ALPHA 稳定参考；角色卡可作备用,从 MJ 静帧提示词和剧本语境继承；需生成前复核
4,O4,擦一擦外壳,剧本/支持镜头,待剪辑分配,文生视频,补充镜头/待节奏确认,MJ提示词-v8.1 (2).md,图1 = ALPHA 参考,图1:ALPHA 参考=>MAT-005,,,,,ALPHA 参考：现有 S22a，可作为 ALPHA 稳定参考；角色卡可作备用,从 MJ 静帧提示词和剧本语境继承；需生成前复核
5,P1,演播室备场,序幕,9,文生视频,缺参考,真人版关键帧提示词 (2).md,图1 = ALPHA 参考　图2 = 演播室参考,图1:ALPHA 参考=>MAT-005;图2:演播室参考=>待补,,,演播室参考,,ALPHA 参考：现有 S22a，可作为 ALPHA 稳定参考；角色卡可作备用；演播室参考：资料指定 P1 演播室全景，挑选文件夹没有该图；P1c/PF4 仅可作构图候选,中：舞台光柱里坐着 ALPHA；左：梯子上的灯光师；前景：走过的场务（虚焦）
6,P1b,老杨的那句话,序幕,5,文生视频,缺参考,真人版关键帧提示词 (2).md,图1 = 老杨参考,图1:老杨参考=>待补,,,老杨参考,,老杨参考：当前挑选文件夹没有老杨定妆照,中：梯子上的灯光师，仰拍
7,P1c,嘉宾牌上的“设备”,序幕,5,文生视频,可执行,真人版关键帧提示词 (2).md,图1 = ALPHA 参考,图1:ALPHA 参考=>MAT-005,MAT-001,006_K22_P1c_演播室贴设备标签_NEW_成熟造型候选.png,,,ALPHA 参考：现有 S22a，可作为 ALPHA 稳定参考；角色卡可作备用,前景右下：桌上的白色嘉宾牌；中景：坐着的 ALPHA；左：贴标签的场务
8,P2,楼下的抗议,序幕,5,图生视频,可执行,真人版关键帧提示词 (2).md,不用上传参考图,,,,,,按资料要求无需上传参考图。,隔着窗户往下俯拍街口的人群
9,P3,林姐的手卡,序幕,5,文生视频,缺参考,真人版关键帧提示词 (2).md,图1 = 林姐参考,图1:林姐参考=>待补,,,林姐参考,,林姐参考：当前挑选文件夹没有林姐定妆照,前景：手卡（清楚）；后景：女主持人的脸（虚）
10,O6,打板,剧本/支持镜头,待剪辑分配,文生视频,补充镜头/缺参考,MJ提示词-v8.1 (2).md,图1 = ALPHA 参考　图2 = 演播室参考,图1:ALPHA 参考=>MAT-005;图2:演播室参考=>待补,,,演播室参考,,ALPHA 参考：现有 S22a，可作为 ALPHA 稳定参考；角色卡可作备用；演播室参考：资料指定 P1 演播室全景，挑选文件夹没有该图；P1c/PF4 仅可作构图候选,从 MJ 静帧提示词和剧本语境继承；需生成前复核
11,O7,“我叫 ALPHA”,剧本/支持镜头,待剪辑分配,文生视频,补充镜头/缺参考,MJ提示词-v8.1 (2).md,图1 = ALPHA 参考　图2 = 林姐参考,图1:ALPHA 参考=>MAT-005;图2:林姐参考=>待补,,,林姐参考,,ALPHA 参考：现有 S22a，可作为 ALPHA 稳定参考；角色卡可作备用；林姐参考：当前挑选文件夹没有林姐定妆照,从 MJ 静帧提示词和剧本语境继承；需生成前复核
12,O8,“你的悲伤，是真的吗？”（沉默）,剧本/支持镜头,待剪辑分配,文生视频,补充镜头/缺参考,MJ提示词-v8.1 (2).md,图1 = ALPHA 参考　图2 = 林姐参考,图1:ALPHA 参考=>MAT-005;图2:林姐参考=>待补,,,林姐参考,,ALPHA 参考：现有 S22a，可作为 ALPHA 稳定参考；角色卡可作备用；林姐参考：当前挑选文件夹没有林姐定妆照,从 MJ 静帧提示词和剧本语境继承；需生成前复核
13,O9,“我可以……唱出来吗？”,剧本/支持镜头,待剪辑分配,文生视频,补充镜头/缺参考,MJ提示词-v8.1 (2).md,图1 = ALPHA 参考　图2 = 林姐参考,图1:ALPHA 参考=>MAT-005;图2:林姐参考=>待补,,,林姐参考,,ALPHA 参考：现有 S22a，可作为 ALPHA 稳定参考；角色卡可作备用；林姐参考：当前挑选文件夹没有林姐定妆照,从 MJ 静帧提示词和剧本语境继承；需生成前复核
14,P4,小鹿和 ALPHA,序幕,5,文生视频,候选代用,真人版关键帧提示词 (2).md,图1 = ALPHA 参考　图2 = 小鹿参考,图1:ALPHA 参考=>MAT-005;图2:小鹿参考=>MAT-017,,,,小鹿参考,ALPHA 参考：现有 S22a，可作为 ALPHA 稳定参考；角色卡可作备用；小鹿参考：S26 中有小鹿与 ALPHA，可作候选；不是独立定妆照,左：蹲着的女孩；中：坐着的 ALPHA；右：支架上的黄色吉他
15,P5,第一根弦,序幕,4,图生视频,可执行,真人版关键帧提示词 (2).md,图1 = ALPHA 参考,图1:ALPHA 参考=>MAT-005,MAT-033;MAT-034,vrcheng23_close-up_of_scratched_silver_robotic_fingers_pressi_46c56a5f-6e33-4c5f-9384-f35ed1a6b950_0.png;新吉他卡.PNG,,,ALPHA 参考：现有 S22a，可作为 ALPHA 稳定参考；角色卡可作备用,微距：金属手指和琴弦
16,S01,前奏·全景弹唱,0:00–0:14,14,文生视频,缺参考,真人版关键帧提示词 (2).md,图1 = ALPHA 参考　图2 = 演播室参考,图1:ALPHA 参考=>MAT-005;图2:演播室参考=>待补,,,演播室参考,,ALPHA 参考：现有 S22a，可作为 ALPHA 稳定参考；角色卡可作备用；演播室参考：资料指定 P1 演播室全景，挑选文件夹没有该图；P1c/PF4 仅可作构图候选,中：光柱里抱吉他的 ALPHA；四周：走动的工作人员
17,S02,她开口了弹唱,0:14–0:21,7,图生视频,可执行,真人版关键帧提示词 (2).md,图1 = ALPHA 参考,图1:ALPHA 参考=>MAT-005,MAT-002,008_K20_S02_面部与吉他极近景_NEW_成熟造型候选.png,,,ALPHA 参考：现有 S22a，可作为 ALPHA 稳定参考；角色卡可作备用,近景：ALPHA 低头抱吉他唱歌，占画面右侧
18,S03,老杨停下了,0:21–0:27,6,文生视频,缺参考,真人版关键帧提示词 (2).md,图1 = 老杨参考,图1:老杨参考=>待补,,,老杨参考,,老杨参考：当前挑选文件夹没有老杨定妆照,中：梯子上的灯光师，半剪影
19,PF1,光柱里的她弹唱,0:27–0:30,5,图生视频,缺参考,真人版关键帧提示词 (2).md,图1 = ALPHA 参考　图2 = 演播室参考,图1:ALPHA 参考=>MAT-005;图2:演播室参考=>待补,,,演播室参考,,ALPHA 参考：现有 S22a，可作为 ALPHA 稳定参考；角色卡可作备用；演播室参考：资料指定 P1 演播室全景，挑选文件夹没有该图；P1c/PF4 仅可作构图候选,前景：一排排空座椅；远处中间：光柱里的 ALPHA
20,S04,林姐拦住了制片,0:27–0:34,7,文生视频,缺参考,真人版关键帧提示词 (2).md,图1 = ALPHA 参考　图2 = 林姐参考,图1:ALPHA 参考=>MAT-005;图2:林姐参考=>待补,,,林姐参考,,ALPHA 参考：现有 S22a，可作为 ALPHA 稳定参考；角色卡可作备用；林姐参考：当前挑选文件夹没有林姐定妆照,前景：两人的剪影；远处：光柱里唱歌的 ALPHA（虚焦）
21,S05,一滴泪落在手卡上,0:34–0:39,5,文生视频,缺参考,真人版关键帧提示词 (2).md,图1 = 林姐参考,图1:林姐参考=>待补,,,林姐参考,,林姐参考：当前挑选文件夹没有林姐定妆照,近景：女主持人拿着手卡，脸在画面上方
22,S06,推向她的眼睛,0:39–0:41,4,图生视频,可执行,真人版关键帧提示词 (2).md,图1 = ALPHA 参考,图1:ALPHA 参考=>MAT-005,,,,,ALPHA 参考：现有 S22a，可作为 ALPHA 稳定参考；角色卡可作备用,大特写：ALPHA 的脸，眼睛在画面中间
23,IV1,访谈：第一次唱歌，是为谁唱的,剧本/支持镜头,待剪辑分配,文生视频,补充镜头/缺参考,MJ提示词-v8.1 (2).md,图1 = ALPHA 参考　图2 = 演播室参考,图1:ALPHA 参考=>MAT-005;图2:演播室参考=>待补,,,演播室参考,,ALPHA 参考：现有 S22a，可作为 ALPHA 稳定参考；角色卡可作备用；演播室参考：资料指定 P1 演播室全景，挑选文件夹没有该图；P1c/PF4 仅可作构图候选,从 MJ 静帧提示词和剧本语境继承；需生成前复核
24,S07,实验室·第一次开机,0:41–0:47,7,文生视频,候选代用,真人版关键帧提示词 (2).md,图1 = ALPHA 参考　图2 = 老周参考,图1:ALPHA 参考=>MAT-005;图2:老周参考=>MAT-005,MAT-003,009_K24_S07_实验室与老周对视_最新候选.png,,老周参考,ALPHA 参考：现有 S22a，可作为 ALPHA 稳定参考；角色卡可作备用；老周参考：资料指定 S05，当前没有 S05；S22a 可作老周候选,左：弯腰接线的老人；中：坐在工作台边的 ALPHA；背景：窗外的铁轨
25,S08,教她按和弦,0:47–0:54,7,图生视频,可执行,真人版关键帧提示词 (2).md,图1 = ALPHA 参考,图1:ALPHA 参考=>MAT-005,,,,,ALPHA 参考：现有 S22a，可作为 ALPHA 稳定参考；角色卡可作备用,特写：老人的手盖在金属手指上，按在指板上
26,S09,商场演出：“别碰”,0:54–1:01,7,文生视频,候选代用,真人版关键帧提示词 (2).md,图1 = ALPHA 参考　图2 = 老周参考,图1:ALPHA 参考=>MAT-005;图2:老周参考=>MAT-005,,,,老周参考,ALPHA 参考：现有 S22a，可作为 ALPHA 稳定参考；角色卡可作备用；老周参考：资料指定 S05，当前没有 S05；S22a 可作老周候选,中：台上弹唱的 ALPHA；前景：孩子们；右后：抱着胳膊的老人
27,S10,人群外的乐手,1:01–1:07,6,文生视频,可执行,真人版关键帧提示词 (2).md,不用上传参考图,,,,,,按资料要求无需上传参考图。,中：人群外站着的年轻男人，人影从前景划过
28,S11,一排排举起的手机,1:07–1:12,5,图生视频,可执行,真人版关键帧提示词 (2).md,图1 = ALPHA 参考,图1:ALPHA 参考=>MAT-005,,,,,ALPHA 参考：现有 S22a，可作为 ALPHA 稳定参考；角色卡可作备用,前景：黑暗中举起的手机；远处中间：台上很小的 ALPHA
29,H1,伦理听证会,1:12–1:20,8,文生视频,候选代用,真人版关键帧提示词 (2).md,图1 = ALPHA 参考　图2 = 老周参考,图1:ALPHA 参考=>MAT-005;图2:老周参考=>MAT-005,MAT-004,010_K19_H1_听证大厅俯拍全景_最新候选.png,,老周参考,ALPHA 参考：现有 S22a，可作为 ALPHA 稳定参考；角色卡可作备用；老周参考：资料指定 S05，当前没有 S05；S22a 可作老周候选,从最高一排往下俯拍：一圈圈座位上坐满人，最底下中央站着小小的 ALPHA
30,IV2,访谈：断电的时候，很黑,剧本/支持镜头,待剪辑分配,文生视频,补充镜头/缺参考,MJ提示词-v8.1 (2).md,图1 = ALPHA 参考　图2 = 演播室参考,图1:ALPHA 参考=>MAT-005;图2:演播室参考=>待补,,,演播室参考,,ALPHA 参考：现有 S22a，可作为 ALPHA 稳定参考；角色卡可作备用；演播室参考：资料指定 P1 演播室全景，挑选文件夹没有该图；P1c/PF4 仅可作构图候选,从 MJ 静帧提示词和剧本语境继承；需生成前复核
31,S13,AI 广告下卖唱,1:20–1:22,5,文生视频,可执行,真人版关键帧提示词 (2).md,不用上传参考图,,MAT-030,vrcheng23_a_subway_passage_a_huge_glowing_white_billboard_rea_53c51847-d43f-4275-97b9-ef433a1eb81a_2_副本.png,,,按资料要求无需上传参考图。,上：巨大的白色广告屏；下：坐在地上弹琴的年轻男人
32,S14,钥匙在冰箱里,1:22–1:24,3,文生视频,候选代用,真人版关键帧提示词 (2).md,图1 = 老周参考,图1:老周参考=>MAT-005,,,,老周参考,老周参考：资料指定 S05，当前没有 S05；S22a 可作老周候选,从冰箱里往外拍：老人的脸被冰箱灯照亮
33,S15,手背上的字,剧本/支持镜头,待剪辑分配,文生视频,补充镜头/待节奏确认,MJ提示词-v8.1 (2).md,不用上传参考图,,,,,,按资料要求无需上传参考图。,从 MJ 静帧提示词和剧本语境继承；需生成前复核
34,S16,他们为什么怕我,1:24–1:33,10,文生视频,候选代用,真人版关键帧提示词 (2).md,图1 = ALPHA 参考　图2 = 老周参考,图1:ALPHA 参考=>MAT-005;图2:老周参考=>MAT-005,,,,老周参考,ALPHA 参考：现有 S22a，可作为 ALPHA 稳定参考；角色卡可作备用；老周参考：资料指定 S05，当前没有 S05；S22a 可作老周候选,左：ALPHA；中：台灯；右：老人。两人面对面坐着
35,S18,资产处置通知,1:33–1:36,4,图生视频,可执行,真人版关键帧提示词 (2).md,不用上传参考图,,MAT-032,vrcheng23_close-up_of_an_office_printer_slowly_pushing_out_an_406c6bb6-54a7-4357-bb60-7e6b522f904f_2.png,,,按资料要求无需上传参考图。,特写：打印机吐出的一张纸
36,S19,篷布下的光熄灭,1:36–1:40,7,图生视频,可执行,真人版关键帧提示词 (2).md,不用上传参考图,,,,,,按资料要求无需上传参考图。,中：被灰色篷布盖住的人形；上方：一道光柱
37,S20,手电光,1:40–1:46,5,文生视频,候选代用,真人版关键帧提示词 (2).md,图1 = ALPHA 参考　图2 = 老周参考,图1:ALPHA 参考=>MAT-005;图2:老周参考=>MAT-005,,,,老周参考,ALPHA 参考：现有 S22a，可作为 ALPHA 稳定参考；角色卡可作备用；老周参考：资料指定 S05，当前没有 S05；S22a 可作老周候选,左：拿手电的老人背影；右：被掀开篷布的 ALPHA
38,S21,雨中的铁轨,1:46–1:52,7,图生视频,可执行,真人版关键帧提示词 (2).md,图1 = ALPHA 参考,图1:ALPHA 参考=>MAT-005,,,,,ALPHA 参考：现有 S22a，可作为 ALPHA 稳定参考；角色卡可作备用,大远景：铁轨伸向远方，两个很小的背影
39,H3,按货物托运,1:52–1:55,3,图生视频,可执行,真人版关键帧提示词 (2).md,不用上传参考图,,,,,,按资料要求无需上传参考图。,特写：墙上被雨打湿的告示，前景一只扶着行李箱的手
40,S22a,天冷，穿上,1:55–2:04,7,文生视频,候选代用,真人版关键帧提示词 (2).md,图1 = ALPHA 参考　图2 = 老周参考　图3 = 站台参考,图1:ALPHA 参考=>MAT-005;图2:老周参考=>MAT-005;图3:站台参考=>MAT-006,MAT-005,012_K25_S22a_车站老周披衣告别_最新候选.png,,老周参考；站台参考,ALPHA 参考：现有 S22a，可作为 ALPHA 稳定参考；角色卡可作备用；老周参考：资料指定 S05，当前没有 S05；S22a 可作老周候选；站台参考：资料指定 S24，当前没有 S24；PF3 是同世界观的空站台候选,左：车门口的老人；右：被披上外套的 ALPHA；背景：绿皮火车
41,S22b,远去的列车,2:04–2:14,13,文生视频,候选代用,真人版关键帧提示词 (2).md,图1 = ALPHA 参考　图2 = 老周参考　图3 = 站台参考,图1:ALPHA 参考=>MAT-005;图2:老周参考=>MAT-005;图3:站台参考=>MAT-006,,,,老周参考；站台参考,ALPHA 参考：现有 S22a，可作为 ALPHA 稳定参考；角色卡可作备用；老周参考：资料指定 S05，当前没有 S05；S22a 可作老周候选；站台参考：资料指定 S24，当前没有 S24；PF3 是同世界观的空站台候选,前景：ALPHA 的背影；中：车窗里贴着玻璃的手；之后画面变空
42,S23,一滴雨,2:14–2:17,3,图生视频,可执行,真人版关键帧提示词 (2).md,图1 = ALPHA 参考,图1:ALPHA 参考=>MAT-005,,,,,ALPHA 参考：现有 S22a，可作为 ALPHA 稳定参考；角色卡可作备用,中景：ALPHA 侧脸，背景是空铁轨
43,S24,站了七个小时,2:17–2:20,5,图生视频,候选代用,真人版关键帧提示词 (2).md,图1 = ALPHA 参考　图2 = 站台参考,图1:ALPHA 参考=>MAT-005;图2:站台参考=>MAT-006,,,,站台参考,ALPHA 参考：现有 S22a，可作为 ALPHA 稳定参考；角色卡可作备用；站台参考：资料指定 S24，当前没有 S24；PF3 是同世界观的空站台候选,大全景：空站台中央站着很小的 ALPHA，柱子上挂着钟
44,IV3,访谈：站台太安静了,剧本/支持镜头,待剪辑分配,文生视频,补充镜头/缺参考,MJ提示词-v8.1 (2).md,图1 = ALPHA 参考　图2 = 演播室参考,图1:ALPHA 参考=>MAT-005;图2:演播室参考=>待补,,,演播室参考,,ALPHA 参考：现有 S22a，可作为 ALPHA 稳定参考；角色卡可作备用；演播室参考：资料指定 P1 演播室全景，挑选文件夹没有该图；P1c/PF4 仅可作构图候选,从 MJ 静帧提示词和剧本语境继承；需生成前复核
45,PF3,黄昏的空站台弹唱,2:20–2:31,11,图生视频,候选代用,真人版关键帧提示词 (2).md,图1 = ALPHA 参考　图2 = 站台参考,图1:ALPHA 参考=>MAT-005;图2:站台参考=>MAT-006,MAT-006,013_K30_PF3_空站台坐着弹琴_最新候选.png,,站台参考,ALPHA 参考：现有 S22a，可作为 ALPHA 稳定参考；角色卡可作备用；站台参考：资料指定 S24，当前没有 S24；PF3 是同世界观的空站台候选,中：长椅上抱吉他的 ALPHA；右：伸向远方的铁轨
46,L01,戴上假发,无音乐章节,4,图生视频,可执行,真人版关键帧提示词 (2).md,图1 = ALPHA 参考,图1:ALPHA 参考=>MAT-005,MAT-007,014_R02_L01_公厕镜前戴上假发_OLD_前期过渡候选.png,,,ALPHA 参考：现有 S22a，可作为 ALPHA 稳定参考；角色卡可作备用,镜子里：ALPHA 的倒影，正在戴假发
47,H2,禁止入内,无音乐章节,5,文生视频,可执行,真人版关键帧提示词 (2).md,图1 = ALPHA 参考,图1:ALPHA 参考=>MAT-005,,,,,ALPHA 参考：现有 S22a，可作为 ALPHA 稳定参考；角色卡可作备用,前景：起雾的玻璃门和告示；门外：站在雨里的 ALPHA
48,L02,什么活都干，只要电,无音乐章节,5,文生视频,可执行,真人版关键帧提示词 (2).md,图1 = ALPHA 参考,图1:ALPHA 参考=>MAT-005,MAT-008,015_K03_L02_劳务市场等待_最新候选.png,,,ALPHA 参考：现有 S22a，可作为 ALPHA 稳定参考；角色卡可作备用,一排蹲着的零工，队伍最后是举纸板的 ALPHA
49,L03,拆解厂,无音乐章节,4,文生视频,候选代用,真人版关键帧提示词 (2).md,图1 = ALPHA 参考　图2 = 默默参考,图1:ALPHA 参考=>MAT-005;图2:默默参考=>MAT-009,MAT-009,016_K07_L03_拆解厂捧起机器人头部_最新候选.png,,默默参考,ALPHA 参考：现有 S22a，可作为 ALPHA 稳定参考；角色卡可作备用；默默参考：L03 中有默默与拆解厂环境，可作候选；不是独立定妆照,前景：传送带上的机器人头；后：ALPHA；对面：戴眼镜的男人
50,L04,暴雨里的电塔,无音乐章节,5,图生视频,可执行,真人版关键帧提示词 (2).md,图1 = ALPHA 参考,图1:ALPHA 参考=>MAT-005,MAT-010,017_K06_L04_雷雨中的输电塔_V2_最新候选.png,,,ALPHA 参考：现有 S22a，可作为 ALPHA 稳定参考；角色卡可作备用,仰拍：巨大的高压电塔，半腰有一个很小的人影
51,L05,冷库,无音乐章节,5,文生视频,候选代用,真人版关键帧提示词 (2).md,图1 = ALPHA 参考　图2 = 默默参考,图1:ALPHA 参考=>MAT-005;图2:默默参考=>MAT-009,MAT-011,018_K26_L05_冷库搬箱子_最新候选.png,,默默参考,ALPHA 参考：现有 S22a，可作为 ALPHA 稳定参考；角色卡可作备用；默默参考：L03 中有默默与拆解厂环境，可作候选；不是独立定妆照,货架通道里，工人们哈着白气；ALPHA 和戴眼镜的男人没有白气
52,L06,黑电,无音乐章节,4,文生视频,可执行,真人版关键帧提示词 (2).md,图1 = ALPHA 参考,图1:ALPHA 参考=>MAT-005,MAT-012,019_K31_L06_小巷黑市充电_V2_最新候选.png,,,ALPHA 参考：现有 S22a，可作为 ALPHA 稳定参考；角色卡可作备用,左：塑料棚下的光头电贩子；右：递钱的 ALPHA；头顶：乱成一团的电线
53,L07,解压馆,无音乐章节,4,文生视频,可执行,真人版关键帧提示词 (2).md,图1 = ALPHA 参考,图1:ALPHA 参考=>MAT-005,MAT-013,021_K05_L07_红灯房间抱损坏部件_V2_最新候选.png,,,ALPHA 参考：现有 S22a，可作为 ALPHA 稳定参考；角色卡可作备用,透过门上的铁丝网玻璃：房间中央站着 ALPHA，一地碎片
54,IV4,访谈：我想让他们以为我是人,剧本/支持镜头,待剪辑分配,文生视频,补充镜头/缺参考,MJ提示词-v8.1 (2).md,图1 = ALPHA 参考　图2 = 演播室参考,图1:ALPHA 参考=>MAT-005;图2:演播室参考=>待补,,,演播室参考,,ALPHA 参考：现有 S22a，可作为 ALPHA 稳定参考；角色卡可作备用；演播室参考：资料指定 P1 演播室全景，挑选文件夹没有该图；P1c/PF4 仅可作构图候选,从 MJ 静帧提示词和剧本语境继承；需生成前复核
55,L08,夜总会包厢弹唱,无音乐章节,8,文生视频,可执行,真人版关键帧提示词 (2).md,图1 = ALPHA 参考　图2 = 阿凯参考,图1:ALPHA 参考=>MAT-005;图2:阿凯参考=>MAT-014,MAT-014,022_K29_L08_包间拿麦克风演唱_V2_最新候选.png,,,ALPHA 参考：现有 S22a，可作为 ALPHA 稳定参考；角色卡可作备用；阿凯参考：资料指定 L08 画面右侧黑夹克男性，禁止上传阿凯机械形态,中：拿麦克风站着唱歌的 ALPHA（必须是机器人）；左：沙发上的醉汉；右：门口的阿凯
56,M1,雨夜的摩托车,无音乐章节,7,文生视频,可执行,真人版关键帧提示词 (2).md,图1 = ALPHA 参考　图2 = 阿凯参考,图1:ALPHA 参考=>MAT-005;图2:阿凯参考=>MAT-014,,,,,ALPHA 参考：现有 S22a，可作为 ALPHA 稳定参考；角色卡可作备用；阿凯参考：资料指定 L08 画面右侧黑夹克男性，禁止上传阿凯机械形态,侧面跟拍：骑摩托的阿凯，后座的 ALPHA
57,L09,幕布后的歌声弹唱,无音乐章节,6,文生视频,可执行,真人版关键帧提示词 (2).md,图1 = ALPHA 参考,图1:ALPHA 参考=>MAT-005,MAT-015,023_K01_L09_帘幕后候场唱歌_最新候选.png,,,ALPHA 参考：现有 S22a，可作为 ALPHA 稳定参考；角色卡可作备用,幕布后：黑暗里唱歌的 ALPHA；缝隙外：台前的灯光和欢呼的观众
58,S25,地下通道弹唱,2:31–2:44,9,文生视频,可执行,真人版关键帧提示词 (2).md,图1 = ALPHA 参考,图1:ALPHA 参考=>MAT-005,MAT-016,025_K15_S25_地下通道坐着卖唱_最新候选.png,,,ALPHA 参考：现有 S22a，可作为 ALPHA 稳定参考；角色卡可作备用,低机位：靠墙坐着弹唱的 ALPHA，前景走过的人腿
59,S26,我们也是,2:44–2:51,6,文生视频,候选代用,真人版关键帧提示词 (2).md,图1 = ALPHA 参考　图2 = 小鹿参考,图1:ALPHA 参考=>MAT-005;图2:小鹿参考=>MAT-017,MAT-017,026_K09_S26_走廊里小鹿给电_最新候选.png,,小鹿参考,ALPHA 参考：现有 S22a，可作为 ALPHA 稳定参考；角色卡可作备用；小鹿参考：S26 中有小鹿与 ALPHA，可作候选；不是独立定妆照,从 ALPHA 肩后拍：蹲着的女孩，手腕连着一根线
60,S27,没有镜片的眼镜,2:51–2:57,6,文生视频,候选代用,真人版关键帧提示词 (2).md,图1 = 小鹿参考　图2 = 阿凯参考　图3 = 默默参考,图1:小鹿参考=>MAT-017;图2:阿凯参考=>MAT-014;图3:默默参考=>MAT-009,,,,小鹿参考；默默参考,小鹿参考：S26 中有小鹿与 ALPHA，可作候选；不是独立定妆照；阿凯参考：资料指定 L08 画面右侧黑夹克男性，禁止上传阿凯机械形态；默默参考：L03 中有默默与拆解厂环境，可作候选；不是独立定妆照,低机位仰拍：三个人并排站着
61,S28,她摘下了假发,2:57–3:04,7,文生视频,候选代用,真人版关键帧提示词 (2).md,图1 = ALPHA 参考　图2 = 小鹿参考　图3 = 阿凯参考　图4 = 默默参考,图1:ALPHA 参考=>MAT-005;图2:小鹿参考=>MAT-017;图3:阿凯参考=>MAT-014;图4:默默参考=>MAT-009,MAT-018,029_R04_S28_出租屋摘假发后正面近景_OLD_前期过渡候选.png,,小鹿参考；默默参考,ALPHA 参考：现有 S22a，可作为 ALPHA 稳定参考；角色卡可作备用；小鹿参考：S26 中有小鹿与 ALPHA，可作候选；不是独立定妆照；阿凯参考：资料指定 L08 画面右侧黑夹克男性，禁止上传阿凯机械形态；默默参考：L03 中有默默与拆解厂环境，可作候选；不是独立定妆照,镜子里：ALPHA 和身后的三个人；冰箱上堆着没拆的外卖
62,S29,雨夜天台弹唱,3:04–3:10,6,文生视频,候选代用,真人版关键帧提示词 (2).md,图1 = ALPHA 参考　图2 = 阿凯参考　图3 = 小鹿参考,图1:ALPHA 参考=>MAT-005;图2:阿凯参考=>MAT-014;图3:小鹿参考=>MAT-017,MAT-019;MAT-020,030_K08_S29_雨夜天台合奏_最新候选.png;031_K27_S29_雨夜天台仰头弹唱_最新候选.png,,小鹿参考,ALPHA 参考：现有 S22a，可作为 ALPHA 稳定参考；角色卡可作备用；阿凯参考：资料指定 L08 画面右侧黑夹克男性，禁止上传阿凯机械形态；小鹿参考：S26 中有小鹿与 ALPHA，可作候选；不是独立定妆照,中：雨里弹唱的 ALPHA；右：收起伞的阿凯；左后：举手机的女孩
63,IV5,访谈：唱歌的就不是我了,剧本/支持镜头,待剪辑分配,文生视频,补充镜头/缺参考,MJ提示词-v8.1 (2).md,图1 = ALPHA 参考　图2 = 演播室参考,图1:ALPHA 参考=>MAT-005;图2:演播室参考=>待补,,,演播室参考,,ALPHA 参考：现有 S22a，可作为 ALPHA 稳定参考；角色卡可作备用；演播室参考：资料指定 P1 演播室全景，挑选文件夹没有该图；P1c/PF4 仅可作构图候选,从 MJ 静帧提示词和剧本语境继承；需生成前复核
64,S32,一扇扇亮起的窗,3:10–3:14,6,图生视频,可执行,真人版关键帧提示词 (2).md,不用上传参考图,,MAT-028;MAT-029,0_0 (7).png;0_2 (6).png,,,按资料要求无需上传参考图。,大远景：雨夜的老居民楼，满墙窗户
65,PF2,她的手和琴弦弹唱,3:14–3:18,5,图生视频,可执行,真人版关键帧提示词 (2).md,图1 = ALPHA 参考,图1:ALPHA 参考=>MAT-005,MAT-021;MAT-022,033_K11_PF2_手部与吉他特写_OLD_前期过渡候选 (1).png;033_K11_PF2_手部与吉他特写_OLD_前期过渡候选.png,,,ALPHA 参考：现有 S22a，可作为 ALPHA 稳定参考；角色卡可作备用；PF2 有重复文件，内容 hash 相同，实际只需上传一份。,特写：按弦的金属手指，扫弦的手
66,PF4,全场静止弹唱,3:18–3:24,6,文生视频,缺参考,真人版关键帧提示词 (2).md,图1 = ALPHA 参考　图2 = 演播室参考　图3 = 老杨参考,图1:ALPHA 参考=>MAT-005;图2:演播室参考=>待补;图3:老杨参考=>待补,MAT-023,036_K13_PF4_低角度仰拍弹唱_NEW_成熟造型候选.png,演播室参考；老杨参考,,ALPHA 参考：现有 S22a，可作为 ALPHA 稳定参考；角色卡可作备用；演播室参考：资料指定 P1 演播室全景，挑选文件夹没有该图；P1c/PF4 仅可作构图候选；老杨参考：当前挑选文件夹没有老杨定妆照,极低机位仰拍：下方是唱歌的 ALPHA，她身后高处是一排排停下的人的剪影
67,S30,演播室·最后几句弹唱,3:24–3:31,7,图生视频,缺参考,真人版关键帧提示词 (2).md,图1 = ALPHA 参考　图2 = 演播室参考,图1:ALPHA 参考=>MAT-005;图2:演播室参考=>待补,MAT-024,040_K18_S30_演播室弹唱近景_NEW_成熟造型候选.png,演播室参考,,ALPHA 参考：现有 S22a，可作为 ALPHA 稳定参考；角色卡可作备用；演播室参考：资料指定 P1 演播室全景，挑选文件夹没有该图；P1c/PF4 仅可作构图候选,近景：ALPHA 侧前方，前景是两个虚焦的肩膀
68,S31,侧台的阿凯,3:24 插入,4,文生视频,候选代用,真人版关键帧提示词 (2).md,图1 = 阿凯参考　图2 = 小鹿参考　图3 = 默默参考,图1:阿凯参考=>MAT-014;图2:小鹿参考=>MAT-017;图3:默默参考=>MAT-009,,,,小鹿参考；默默参考,阿凯参考：资料指定 L08 画面右侧黑夹克男性，禁止上传阿凯机械形态；小鹿参考：S26 中有小鹿与 ALPHA，可作候选；不是独立定妆照；默默参考：L03 中有默默与拆解厂环境，可作候选；不是独立定妆照,侧台黑暗里：最前面的阿凯，身后两人
69,S33,爸，你还记得她吗,3:31–3:38,7,文生视频,候选代用,真人版关键帧提示词 (2).md,图1 = 老周参考,图1:老周参考=>MAT-005,,,,老周参考,老周参考：资料指定 S05，当前没有 S05；S22a 可作老周候选,门框里（框中框）：扶手椅上的老人，蹲着递手机的女儿；窗外下雪
70,S34,手指在打拍子,3:38–3:44,6,图生视频,可执行,真人版关键帧提示词 (2).md,不用上传参考图,,,,,,按资料要求无需上传参考图。,特写：搭在木扶手上的老人的手
71,S35,春天，她来了,3:44–3:51,7,文生视频,候选代用,真人版关键帧提示词 (2).md,图1 = ALPHA 参考　图2 = 小鹿参考　图3 = 阿凯参考　图4 = 默默参考,图1:ALPHA 参考=>MAT-005;图2:小鹿参考=>MAT-017;图3:阿凯参考=>MAT-014;图4:默默参考=>MAT-009,,,,小鹿参考；默默参考,ALPHA 参考：现有 S22a，可作为 ALPHA 稳定参考；角色卡可作备用；小鹿参考：S26 中有小鹿与 ALPHA，可作候选；不是独立定妆照；阿凯参考：资料指定 L08 画面右侧黑夹克男性，禁止上传阿凯机械形态；默默参考：L03 中有默默与拆解厂环境，可作候选；不是独立定妆照,中：走下火车的 ALPHA；身后三人；站台边的桃花
72,S36,第一个鼓掌的人,3:51–4:00,9,文生视频,缺参考,真人版关键帧提示词 (2).md,图1 = ALPHA 参考　图2 = 演播室参考　图3 = 老杨参考,图1:ALPHA 参考=>MAT-005;图2:演播室参考=>待补;图3:老杨参考=>待补,MAT-025;MAT-026,042_K17_S36_演播室座椅背侧面_NEW_成熟造型候选.png;044_R05_S36_演播室背侧近景_NEW_成熟造型候选.png,演播室参考；老杨参考,,ALPHA 参考：现有 S22a，可作为 ALPHA 稳定参考；角色卡可作备用；演播室参考：资料指定 P1 演播室全景，挑选文件夹没有该图；P1c/PF4 仅可作构图候选；老杨参考：当前挑选文件夹没有老杨定妆照,从舞台后方逆光拍：前景是 ALPHA 的背影，前方是工作人员
73,S37,你的悲伤是真的吗,歌后,14,文生视频,缺参考,真人版关键帧提示词 (2).md,图1 = ALPHA 参考　图2 = 林姐参考,图1:ALPHA 参考=>MAT-005;图2:林姐参考=>待补,,,林姐参考,,ALPHA 参考：现有 S22a，可作为 ALPHA 稳定参考；角色卡可作备用；林姐参考：当前挑选文件夹没有林姐定妆照,左：ALPHA；右：林姐；两人中间：桌上的嘉宾牌“ALPHA（设备）”
74,S38,你叫什么名字,歌后,12,文生视频,候选代用,真人版关键帧提示词 (2).md,图1 = ALPHA 参考　图2 = 老周参考,图1:ALPHA 参考=>MAT-005;图2:老周参考=>MAT-005,MAT-027,045_K28_S38_春天与老周并坐长椅_最新候选.png,,老周参考,ALPHA 参考：现有 S22a，可作为 ALPHA 稳定参考；角色卡可作备用；老周参考：资料指定 S05，当前没有 S05；S22a 可作老周候选,大全景：长椅在画面下方很小，大量留白，桃花在落
75,S24a/b,站了七个小时·首尾帧,首尾帧变体,5,FLF2V,首尾帧/缺参考,MJ提示词-v8.1 (2).md + 真人版关键帧提示词 (2).md,图1 = 首帧 S24a　图2 = 尾帧 S24b（FLF2V）,图1:首帧 S24a=>待补;图2:尾帧 S24b=>待补,MAT-006,013_K30_PF3_空站台坐着弹琴_最新候选.png,S24a 首帧；S24b 尾帧,站台参考,挑选文件夹没有 S24a/S24b；PF3 只能作为场景候选,首帧与尾帧保持同一构图和身份，连续完成时间变化
76,S32a/b,一扇扇亮起的窗·首尾帧,首尾帧变体,6,FLF2V,首尾帧/可执行,MJ提示词-v8.1 (2).md + 真人版关键帧提示词 (2).md,图1 = 首帧 S32a　图2 = 尾帧 S32b（FLF2V）,图1:首帧 S32a=>MAT-028;图2:尾帧 S32b=>MAT-029,MAT-028;MAT-029,0_0 (7).png;0_2 (6).png,,,0_0 (7) 与 0_2 (6) 为城市窗户候选，需先确认哪个作为首帧/尾帧,首帧与尾帧保持同一构图和身份，连续完成时间变化
