segment_id,shot_id,source_file,source_hash,source_in_sample,source_out_sample,song_in,song_out,mv_in,mv_out,effective_duration,handle_in,handle_out,trim_in,trim_out,lyrics,mouth_cues,mix_file,vocal_file,sample_rate,bit_depth,channels,alignment_status,review_notes
ALPHA_S02_01,S02_01/S02_02,1dd96bd4-_____.mp3,cb2ef0481c11c16742b8b848f140dda6ba990a3d1fc6867d6f632378e12d6c76,692640,1009440,14.43,21.03,24.43,31.03,6.60,0.50,0.50,0.50,7.10,望着你坐上远去的列车,,ALPHA_S02_01_MIX_v001.wav,（无干净人声，未提供）,48000,24,2,provisional_lrc,演播室开口，近景；S02_01 取前段，S02_02 取后段；WAV 是从 128kbps MP3 解码的兼容派生文件，不代表音质提升
ALPHA_PF1_01,PF1,1dd96bd4-_____.mp3,cb2ef0481c11c16742b8b848f140dda6ba990a3d1fc6867d6f632378e12d6c76,1009440,1334880,21.03,27.81,31.03,37.81,6.78,0.50,0.50,0.50,7.28,汽笛声将悲伤情绪淹没,,ALPHA_PF1_01_MIX_v001.wav,（无干净人声，未提供）,48000,24,2,provisional_lrc,仰拍中景，机器人式分段转头；WAV 是从 128kbps MP3 解码的兼容派生文件，不代表音质提升
ALPHA_RG2_01,RG2,1dd96bd4-_____.mp3,cb2ef0481c11c16742b8b848f140dda6ba990a3d1fc6867d6f632378e12d6c76,2928960,3206400,61.02,66.80,71.02,76.80,5.78,0.50,0.50,0.50,6.28,真心的人又能有几个,,ALPHA_RG2_01_MIX_v001.wav,（无干净人声，未提供）,48000,24,2,provisional_lrc,大特写，金属分片嘴唇，耳侧涡轮在长音上转；WAV 是从 128kbps MP3 解码的兼容派生文件，不代表音质提升
ALPHA_RG3_01,RG3,1dd96bd4-_____.mp3,cb2ef0481c11c16742b8b848f140dda6ba990a3d1fc6867d6f632378e12d6c76,4209120,4492320,87.69,93.59,97.69,103.59,5.90,0.50,0.50,0.50,6.40,终有某天还会再见的,,ALPHA_RG3_01_MIX_v001.wav,（无干净人声，未提供）,48000,24,2,provisional_lrc,大特写，虹膜光圈收缩，句尾手指伺服颤动；WAV 是从 128kbps MP3 解码的兼容派生文件，不代表音质提升
ALPHA_PF3_01,PF3,1dd96bd4-_____.mp3,cb2ef0481c11c16742b8b848f140dda6ba990a3d1fc6867d6f632378e12d6c76,6929280,7192800,144.36,149.85,154.36,159.85,5.49,0.50,0.50,0.50,5.99,一滴泪在我的眼角滑落,,ALPHA_PF3_01_MIX_v001.wav,（无干净人声，未提供）,48000,24,2,provisional_lrc,站台侧脸，远，口型可选；WAV 是从 128kbps MP3 解码的兼容派生文件，不代表音质提升
ALPHA_L08_01,L08_01,1dd96bd4-_____.mp3,cb2ef0481c11c16742b8b848f140dda6ba990a3d1fc6867d6f632378e12d6c76,7889760,8512800,164.37,177.35,174.37,187.35,12.98,0.50,0.50,0.50,13.48,在人来人往的尘世间 / 真心的人又能有几个,,ALPHA_L08_01_MIX_v001.wav,（无干净人声，未提供）,48000,24,2,provisional_lrc,包间里唱，母带原声，不做 KTV 处理；WAV 是从 128kbps MP3 解码的兼容派生文件，不代表音质提升
ALPHA_S25_01,S25,1dd96bd4-_____.mp3,cb2ef0481c11c16742b8b848f140dda6ba990a3d1fc6867d6f632378e12d6c76,8526240,8845920,177.63,184.29,187.63,194.29,6.66,0.50,0.50,0.50,7.16,谁不是谁今生的过客,,ALPHA_S25_01_MIX_v001.wav,（无干净人声，未提供）,48000,24,2,provisional_lrc,地下通道，唱完这句被拔插头；WAV 是从 128kbps MP3 解码的兼容派生文件，不代表音质提升
ALPHA_S29_01,S29_01/S29_02,1dd96bd4-_____.mp3,cb2ef0481c11c16742b8b848f140dda6ba990a3d1fc6867d6f632378e12d6c76,9167040,9489600,190.98,197.70,200.98,207.70,6.72,0.50,0.50,0.50,7.22,亲爱的朋友不必难过,,ALPHA_S29_01_MIX_v001.wav,（无干净人声，未提供）,48000,24,2,provisional_lrc,雨夜天台，两个镜头共用一段；WAV 是从 128kbps MP3 解码的兼容派生文件，不代表音质提升
ALPHA_PF4_01,PF4,1dd96bd4-_____.mp3,cb2ef0481c11c16742b8b848f140dda6ba990a3d1fc6867d6f632378e12d6c76,9489600,9765120,197.70,203.44,207.70,213.44,5.74,0.50,0.50,0.50,6.24,终有某天还会再见的,,ALPHA_PF4_01_MIX_v001.wav,（无干净人声，未提供）,48000,24,2,provisional_lrc,演播室仰拍，最高音；WAV 是从 128kbps MP3 解码的兼容派生文件，不代表音质提升
ALPHA_S30_01,S30,1dd96bd4-_____.mp3,cb2ef0481c11c16742b8b848f140dda6ba990a3d1fc6867d6f632378e12d6c76,9815040,10131840,204.48,211.08,214.48,221.08,6.60,0.50,0.50,0.50,7.10,流着泪唱完了这首歌,,ALPHA_S30_01_MIX_v001.wav,（无干净人声，未提供）,48000,24,2,provisional_lrc,演播室最后几句；WAV 是从 128kbps MP3 解码的兼容派生文件，不代表音质提升
