order,shot_id,title,handoff_status,v10_group,note
1,O1,贴领夹麦,补充镜头/待节奏确认,G00,
2,O2,“加点呼吸声”,补充镜头/待节奏确认,不拍,开场简化：调呼吸声的情节不拍
3,O3,白卡调白平衡,补充镜头/待节奏确认,不拍,开场简化
4,O4,擦一擦外壳,补充镜头/待节奏确认,不拍,开场简化
5,P1,演播室备场,缺参考,G00,
6,P1b,老杨的那句话,缺参考,G00,
7,P1c,嘉宾牌上的“设备”,可执行,G00,
8,P2,楼下的抗议,可执行,不拍,开场改成工作人员尊重她，楼下抗议不拍
9,P3,林姐的手卡,缺参考,G04,
10,O6,打板,补充镜头/缺参考,不拍,开场简化：打板不拍
11,O7,“我叫 ALPHA”,补充镜头/缺参考,不拍,开场简化：自我介绍不拍
12,O8,“你的悲伤，是真的吗？”（沉默）,补充镜头/缺参考,G00,
13,O9,“我可以……唱出来吗？”,补充镜头/缺参考,G00,
14,P4,小鹿和 ALPHA,候选代用,不拍,小鹿只在回忆和春天出现
15,P5,第一根弦,可执行,G01,
16,S01,前奏·全景弹唱,缺参考,G01,
17,S02,她开口了弹唱,可执行,G01,
18,S03,老杨停下了,缺参考,G01,
19,PF1,光柱里的她弹唱,缺参考,G01,
20,S04,林姐拦住了制片,缺参考,G01,
21,S05,一滴泪落在手卡上,缺参考,G04,
22,S06,推向她的眼睛,可执行,G01、G04,
23,IV1,访谈：第一次唱歌，是为谁唱的,补充镜头/缺参考,G14,
24,S07,实验室·第一次开机,候选代用,G02,
25,S08,教她按和弦,可执行,G02,
26,S09,商场演出：“别碰”,候选代用,G02,
27,S10,人群外的乐手,可执行,G02,
28,S11,一排排举起的手机,可执行,G03,
29,H1,伦理听证会,候选代用,G03,
30,IV2,访谈：断电的时候，很黑,补充镜头/缺参考,G14,
31,S13,AI 广告下卖唱,可执行,G03,
32,S14,钥匙在冰箱里,候选代用,G05,
33,S15,手背上的字,补充镜头/待节奏确认,G05,
34,S16,他们为什么怕我,候选代用,G05,
35,S18,资产处置通知,可执行,G05,
36,S19,篷布下的光熄灭,可执行,G05,
37,S20,手电光,候选代用,G05,
38,S21,雨中的铁轨,可执行,G06,
39,H3,按货物托运,可执行,G06,
40,S22a,天冷，穿上,候选代用,G06,
41,S22b,远去的列车,候选代用,G06,
42,S23,一滴雨,可执行,G06,
43,S24,站了七个小时,候选代用,G06,
44,IV3,访谈：站台太安静了,补充镜头/缺参考,G14,
45,PF3,黄昏的空站台弹唱,候选代用,G07,
46,L01,戴上假发,可执行,G08,
47,H2,禁止入内,可执行,G08,
48,L02,什么活都干，只要电,可执行,G08,
49,L03,拆解厂,候选代用,G08,
50,L04,暴雨里的电塔,可执行,G08,
51,L05,冷库,候选代用,G08,
52,L06,黑电,可执行,G08,
53,L07,解压馆,可执行,G08,
54,IV4,访谈：我想让他们以为我是人,补充镜头/缺参考,G14,
55,L08,夜总会包厢弹唱,可执行,G09,
56,M1,雨夜的摩托车,可执行,G09,
57,L09,幕布后的歌声弹唱,可执行,G09,
58,S25,地下通道弹唱,可执行,G10,
59,S26,我们也是,候选代用,G10,
60,S27,没有镜片的眼镜,候选代用,G10,
61,S28,她摘下了假发,候选代用,G10,
62,S29,雨夜天台弹唱,候选代用,G11,
63,IV5,访谈：唱歌的就不是我了,补充镜头/缺参考,G14,
64,S32,一扇扇亮起的窗,可执行,G11,
65,PF2,她的手和琴弦弹唱,可执行,G12,
66,PF4,全场静止弹唱,缺参考,G12,
67,S30,演播室·最后几句弹唱,缺参考,G12,
68,S31,侧台的阿凯,候选代用,G12,
69,S33,爸，你还记得她吗,候选代用,G13,
70,S34,手指在打拍子,可执行,G13,
71,S35,春天，她来了,候选代用,G13,
72,S36,第一个鼓掌的人,缺参考,G14,
73,S37,你的悲伤是真的吗,缺参考,G14,
74,S38,你叫什么名字,候选代用,G15,
75,S24a/b,站了七个小时·首尾帧,首尾帧/缺参考,G06,
76,S32a/b,一扇扇亮起的窗·首尾帧,首尾帧/可执行,G11,
