镜号,成片入点,成片出点,时长,源片,源入点,源出点,速度,音乐位置(歌曲秒),段落,歌词,调色,画面操作,对口型,重复使用,变速,说明
1,0.000,3.830,3.830,01_原片_未定稿/ALPHA_B12_G00_原片.mp4,0.000,3.830,1.000,0.00–3.83,前奏,,now,,,,,开场全景：工业演出场地，她坐在支撑座上，工作人员在准备
2,3.830,7.860,4.030,01_原片_未定稿/ALPHA_B12_G00_原片.mp4,3.930,7.960,1.000,3.83–7.86,前奏,,now,,,,,年轻场务抬头看她，她把注意力转向他
3,7.860,14.400,6.540,01_原片_未定稿/ALPHA_B15_G01_原片.mp4,0.000,6.540,1.000,7.86–14.40,前奏,,mem,,,,,回忆入口：同一种坐姿，在老周的旧工坊，工人在理线，老周在后面看着
4,14.400,22.400,8.000,08_历史候选_需审片/G01_v2_14.4-22.4_原片.mp4,0.000,8.000,1.000,14.40–22.40,前奏,望着你坐上远去的列车,now,,原位,,,L01 望着你坐上远去的列车（对口型，原绑定位置）
5,22.400,25.360,2.960,08_历史候选_需审片/G01_tail_22.4-28_原片.mp4,0.000,2.960,1.000,22.40–25.36,主歌1,汽笛声将悲伤情绪淹没,now,,原位,,,L02 汽笛声将悲伤情绪淹没（对口型）
6,25.360,28.000,2.640,01_原片_未定稿/ALPHA_B14_G12_原片.mp4,22.750,25.390,1.000,25.36–28.00,主歌1,汽笛声将悲伤情绪淹没,now,,,,,观众背影：工坊里的人在听
7,28.000,33.190,5.190,01_原片_未定稿/ALPHA_B07_G11B_原片.mp4,9.830,15.020,1.000,28.00–33.19,主歌1,站台上忽然一阵风吹过,now,,,,,L03 全景：灯光、举着手机的人群
8,33.190,40.060,6.870,01_原片_未定稿/ALPHA_B14_G12_原片.mp4,0.000,6.870,1.000,33.19–40.06,主歌1,站台上忽然一阵风吹过,now,,,,,L04 工坊中全景，她坐着弹唱（距离较远，不作逐字口型）
9,40.060,46.560,6.500,01_原片_未定稿/ALPHA_B15_G01_原片.mp4,6.630,13.130,1.000,40.06–46.56,导歌1,,mem,,,,,L05 想为你唱一首昨日的歌：老周俯身看她弹琴
10,46.560,52.560,6.000,01_原片_未定稿/ALPHA_B03_G05_原片.mp4,6.040,12.040,1.000,46.56–52.56,导歌1,想为你唱一首昨日的歌,mem,,,,,L06 老周在工作台边教她按弦
11,52.560,57.180,4.620,01_原片_未定稿/ALPHA_B07_G11B_原片.mp4,0.000,4.620,1.000,52.56–57.18,导歌1,想让时间停留这一刻,mem,,,,,L07 老周给她检修头部
12,57.180,60.700,3.520,01_原片_未定稿/ALPHA_B14_G12_原片.mp4,12.830,16.350,1.000,57.18–60.70,导歌1,在人来人往的尘世间,now,,,,,回到现在：琴手特写，接副歌
13,60.700,87.740,27.040,01_原片_未定稿/ALPHA_B13_G04_原片.mp4,0.000,27.040,1.000,60.70–87.74,副歌1,真心的人又能有几个,now,,原位,,,L08–L11：脸（对口型）→全景→低角度→流泪的观众→脸（对口型）
14,87.740,93.590,5.850,01_原片_未定稿/ALPHA_B04_G05_原片.mp4,0.000,2.620,0.448,87.74–93.59,副歌1,终有某天还会再见的,mem,,,,0.45x,L12 终有某天还会再见的：仓库里盖着篷布的她（慢放）
15,93.590,100.252,6.662,01_原片_未定稿/ALPHA_B04_G05_原片.mp4,2.710,8.040,0.800,93.59–100.25,间奏,,mem,,,,0.80x,老周掀开篷布，她醒来先找他的脸（0.8x）
16,100.252,106.182,5.929,01_原片_未定稿/ALPHA_B07_G11B_原片.mp4,4.710,9.750,0.850,100.25–106.18,间奏,,mem,,,,0.85x,他扶着她的手按弦（0.85x）
17,106.182,108.622,2.440,01_原片_未定稿/ALPHA_B14_G12_原片.mp4,16.350,18.790,1.000,106.18–108.62,间奏,,now,,,,,现在：间奏里她的手在弹
18,108.622,113.729,5.107,01_原片_未定稿/ALPHA_B03_G05_原片.mp4,0.000,3.830,0.750,108.62–113.73,间奏,,mem,,,,0.75x,老周在冰箱里找到钥匙，想不起为什么（0.75x）
19,113.729,120.395,6.667,01_原片_未定稿/ALPHA_B13_G04_原片.mp4,10.920,16.920,0.900,113.73–120.40,间奏,,now,,,是,0.90x,现在：低角度弹奏（0.9x，重复使用）
20,120.395,124.380,3.985,01_原片_未定稿/ALPHA_B15_G01_原片.mp4,13.130,15.040,0.479,120.40–124.38,间奏,,mem,,,,0.48x,老周看着她（慢放），接离别
21,124.380,130.462,6.082,01_原片_未定稿/ALPHA_B05_G06_原片.mp4,0.000,5.170,0.850,124.38–130.46,主歌2,望着你坐上远去的列车,mem,,,,0.85x,L13 望着你坐上远去的列车：车窗里的老周，她挥手（0.85x）
22,130.462,137.400,6.938,01_原片_未定稿/ALPHA_B05_G06_原片.mp4,5.250,10.040,0.690,130.46–137.40,主歌2,望着你坐上远去的列车,mem,,,,0.69x,L14 汽笛声：列车开走，雨中站台（慢放）
23,137.400,143.570,6.170,01_原片_未定稿/ALPHA_B06_G07_原片.mp4,0.000,6.170,1.000,137.40–143.57,主歌2,站台上忽然一阵风吹过,mem,crop_b06,原位,,,L15 站台上忽然一阵风吹过：黄昏空站台全景（裁掉圆形暗边，1.35x 放大）
24,143.570,151.440,7.870,01_原片_未定稿/ALPHA_B06_G07_原片.mp4,6.170,14.040,1.000,143.57–151.44,主歌2,站台上忽然一阵风吹过,mem,,原位,,,L16 一滴泪在我的眼角滑落：站台中景演唱（对口型）
25,151.440,155.400,3.960,01_原片_未定稿/ALPHA_B02_G03_原片.mp4,11.080,15.040,1.000,151.44–155.40,导歌2,想为你唱一首昨日的歌,mem,,,,,L17 地下通道里没人听的真人乐手
26,155.400,157.690,2.290,01_原片_未定稿/ALPHA_B09_G13_原片.mp4,5.750,8.040,1.000,155.40–157.69,导歌2,想为你唱一首昨日的歌,mem,,,,,她被绑在平板车上运走（腿与支柱）
27,157.690,162.810,5.120,01_原片_未定稿/ALPHA_B02_G03_原片.mp4,0.000,5.120,1.000,157.69–162.81,导歌2,想让时间停留这一刻,mem,,,,,L18 举着手机笑着围观她的人
28,162.810,166.640,3.830,01_原片_未定稿/ALPHA_B12_G00_原片.mp4,0.000,3.830,1.000,162.81–166.64,导歌2,想让时间停留这一刻,now,punch,,是,,L19 现在：演出前的场地（重复使用，换景别）
29,166.640,170.680,4.040,01_原片_未定稿/ALPHA_B12_G00_原片.mp4,3.930,7.970,1.000,166.64–170.68,导歌2,在人来人往的尘世间,now,punch,,是,,场务抬头看她（重复使用，换景别）
30,170.680,176.720,6.040,01_原片_未定稿/ALPHA_B13_G04_原片.mp4,0.000,6.040,1.000,170.68–176.72,导歌2,真心的人又能有几个,now,punch,平移+109.98s,是,,L20 真心的人又能有几个：与 L08 同词同旋律，按 109.98 秒平移对口型
31,176.720,179.000,2.280,01_原片_未定稿/ALPHA_B13_G04_原片.mp4,6.040,8.320,1.000,176.72–179.00,副歌2,真心的人又能有几个,now,,,是,,L21 全景
32,179.000,180.600,1.600,01_原片_未定稿/ALPHA_B15_G01_原片.mp4,9.500,11.100,1.000,179.00–180.60,副歌2,谁不是谁今生的过客,mem,,,是,,闪回：老周
33,180.600,182.200,1.600,01_原片_未定稿/ALPHA_B05_G06_原片.mp4,1.500,3.100,1.000,180.60–182.20,副歌2,谁不是谁今生的过客,mem,,,是,,闪回：车窗挥手
34,182.200,184.290,2.090,01_原片_未定稿/ALPHA_B13_G04_原片.mp4,8.320,10.410,1.000,182.20–184.29,副歌2,谁不是谁今生的过客,now,,,是,,L22 全景续
35,184.290,185.890,1.600,01_原片_未定稿/ALPHA_B04_G05_原片.mp4,4.600,6.200,1.000,184.29–185.89,副歌2,谁的一生注定不蹉跎,mem,,,是,,闪回：篷布下醒来
36,185.890,187.490,1.600,01_原片_未定稿/ALPHA_B03_G05_原片.mp4,8.000,9.600,1.000,185.89–187.49,副歌2,谁的一生注定不蹉跎,mem,,,是,,闪回：教琴
37,187.490,189.140,1.650,01_原片_未定稿/ALPHA_B14_G12_原片.mp4,25.390,27.040,1.000,187.49–189.14,副歌2,谁的一生注定不蹉跎,now,,,,,观众背影
38,189.140,191.350,2.210,01_原片_未定稿/ALPHA_B06_G07_原片.mp4,10.600,12.810,1.000,189.14–191.35,副歌2,谁的一生注定不蹉跎,mem,,,是,,闪回：空站台演唱
39,191.350,197.400,6.050,01_原片_未定稿/ALPHA_B13_G04_原片.mp4,20.670,26.720,1.000,191.35–197.40,副歌2,亲爱的朋友不必难过,now,,平移+109.98s,是,,L23 亲爱的朋友不必难过：与 L11 同词，平移对口型
40,197.400,200.400,3.000,01_原片_未定稿/ALPHA_B14_G12_原片.mp4,0.000,3.000,1.000,197.40–200.40,尾段,终有某天还会再见的,now,,原位,是,,L24 终有某天还会再见的（原绑定位置）
41,200.400,204.360,3.960,01_原片_未定稿/ALPHA_B14_G12_原片.mp4,18.880,22.670,0.957,200.40–204.36,尾段,终有某天还会再见的,now,,,,0.96x,揭示：老周和女儿坐在观众里
42,204.360,210.150,5.790,01_原片_未定稿/ALPHA_B14_G12_原片.mp4,6.960,12.750,1.000,204.36–210.15,尾段,流着泪唱完了这首歌,now,,原位,,,L25 流着泪唱完了这首歌：她的脸（对口型）
43,210.150,213.650,3.500,01_原片_未定稿/ALPHA_B11_G14_原片.mp4,0.000,3.500,1.000,210.15–213.65,尾段,流着泪唱完了这首歌,now,,,,,L26 希望你会永远记得我：老周在人群里听着
44,213.650,217.800,4.150,08_历史候选_需审片/G01_v2_14.4-22.4_原片.mp4,3.890,8.040,1.000,213.65–217.80,尾段,希望你会永远记得我,now,,,是,,她在追光里继续唱（不作逐字口型）
45,217.800,221.630,3.830,01_原片_未定稿/ALPHA_B03_G05_原片.mp4,0.000,3.830,1.000,217.80–221.63,尾段,在某个冬夜无眠的时刻,mem,,,是,,L27 在某个冬夜无眠的时刻：深夜冰箱前的老周
46,221.630,224.310,2.680,01_原片_未定稿/ALPHA_B15_G01_原片.mp4,6.630,9.310,1.000,221.63–224.31,尾段,在某个冬夜无眠的时刻,mem,,,是,,老周俯身看她
47,224.310,227.970,3.660,01_原片_未定稿/ALPHA_B09_G13_原片.mp4,0.000,1.830,0.500,224.31–227.97,尾段,在某个春暖花开的时刻,spring,,,,0.50x,L28 在某个春暖花开的时刻：春天的小站，她在平板车上（0.5x）
48,227.970,231.720,3.750,01_原片_未定稿/ALPHA_B09_G13_原片.mp4,1.920,5.670,1.000,227.97–231.72,尾段,在某个春暖花开的时刻,spring,blur_sign,,,,老周和年轻人在她身边（站牌文字模糊处理）
49,231.720,240.800,9.080,01_原片_未定稿/ALPHA_B11_G14_原片.mp4,3.500,8.040,0.500,231.72–240.46,尾奏,,now,,,,0.50x,尾奏：老周站起来鼓掌（0.5x），渐黑
50,240.800,243.800,3.000,（生成）黑底片尾卡,,,,,,,,,,,,片名与“首版候选”字样；此时歌曲已结束
