编号,组,内容,优先级,替换旧图,用在
KF00-1,G00,她自己驶入演播室,必出,新,G00
KF00-2,G00,老杨在梯子顶与她平视,必出,MAT-025 K17,G00
KF00-3,G00,贴领夹麦，她压低肩膀配合,必出,MAT-001 K22,G00
KF01-1,G01,低机位全景·前奏,必出,MAT-023 K13,G01
KF01-2,G01,四分之三侧脸·开口唱,必出,MAT-024 K18 / MAT-002 K20,G01、G04、G12
KF01-3,G01,金属手指扫弦,建议重出,MAT-033,G01
KF02-1,G02,实验室·第一次亮眼,建议重出,MAT-003 K24,G02
KF02-2,G02,老周的手覆在她手上,可沿用旧图,MAT-021 K11,G02
KF02-3,G02,商场中庭·小女孩碰她的手指,必出,新,G02
KF03-1,G03,听证大厅,可沿用旧图,MAT-004 K19,G03
KF03-2,G03,AI 音乐广告下的真人乐手,可沿用旧图,MAT-030 R03,G03
KF04-1,G04,观众席后方·她高出所有人,必出,新,G04
KF04-2,G04,林姐落泪,必出,新,G04
KF05-1,G05,钥匙在冰箱里,必出,新,G05
KF05-2,G05,黄色糖纸的润喉糖,必出,新,G05
KF05-3,G05,仓库篷布下的光熄灭,可沿用旧图,MAT-031 篷布,G05
KF06-1,G06,站台·老周给她披衣,建议重出,MAT-005 K25,G06
KF06-2,G06,黄昏的空站台,可沿用旧图,MAT-006 K30,G06、G07
KF07-1,G07,空站台·第一次弹唱,建议重出,MAT-006 K30,G07
KF08-1,G08,公厕镜前戴假发,可沿用旧图,MAT-007 R02,G08
KF08-2,G08,劳务市场,可沿用旧图,MAT-008 K03,G08
KF08-3,G08,拆解厂,可沿用旧图,MAT-009 K07,G08
KF08-4,G08,雷雨电塔,可沿用旧图,MAT-010 K06,G08
KF08-5,G08,冷库搬箱子,可沿用旧图,MAT-011 K26,G08
KF08-6,G08,小巷黑市充电,可沿用旧图,MAT-012 K31,G08
KF08-7,G08,红灯房间,可沿用旧图,MAT-013 K05,G08
KF09-1,G09,包间卖唱,建议重出,MAT-014 K29,G09
KF09-2,G09,雨夜摩托,必出,新,G09
KF10-1,G10,地下通道卖唱,建议重出,MAT-016 K15,G10
KF10-2,G10,走廊里小鹿给电,建议重出,MAT-017 K09,G10
KF10-3,G10,出租屋·摘下假发,必出,MAT-018 R04,G10
KF11-1,G11,雨夜天台合奏,必出,MAT-019 K08,G11
KF11-2,G11,天台仰头,必出,MAT-020 K27,G11
KF11B-1,G11B,车间：吊起的巨大新机体,必出,新,G11B
KF11B-2,G11B,取出核心,必出,新,G11B
KF11B-3,G11B,巨人从垃圾桶捏起糖纸,必出,新,G11B
KF11B-4,G11B,发布会：手机的海,必出,新,G11B
KF11B-5,G11B,她的视角：人群最后的三个人,必出,新,G11B
KF12-1,G12,低角度仰拍·最高音,必出,MAT-023 K13,G12
KF12-2,G12,侧台三人,必出,新,G12
KF13-1,G13,冬夜养老院,必出,新,G13
KF13-2,G13,春天小站·平板货车,必出,新,G13
KF14-1,G14,掌声,建议重出,MAT-026 R05,G14
KF14-2,G14,林姐在她脚边仰头问话,必出,新,G14
KF15-1,G15,春天长椅·她单膝跪下,必出,MAT-027 K28,G15
