group,title,era,model,duration_s,song_in,song_out,audio,refs,prompt
G00,冷开场·开机前,现在,Seedance 2.0,15,,,,MAT-035 角色卡.PNG（三视图定妆照，现在的她以此为准）；MAT-001 K22 演播室；MAT-025 K17 演播室与老杨；MAT-023 K13 低角度仰拍；MAT-034 新吉他卡.PNG,"参考：@图片1 是现在的 ALPHA 的外观（三视图定妆照）；@图片2 是「K22 演播室」的场景、人物和光影参考；@图片3 是「K17 演播室与老杨」的场景、人物和光影参考；@图片4 是「K13 低角度仰拍」的场景、人物和光影参考；@图片5 是她的黄色机械电吉他。
院线电影级画面，像真实拍摄：大画幅数字电影机质感，球面电影镜头，16:9。光线全部有来源（顶灯、追光、窗、路灯、霓虹、屏幕），体积光和薄烟，深而干净的黑位，高光有柔和的光晕，细腻的 35mm 胶片颗粒。细节丰富：金属的划痕、指纹、灰尘、螺丝、接缝、线缆、冷凝水、雨珠、布料纹理都清楚可见。镜头运动克制，有轻微手持呼吸感，焦点在人物之间缓慢转移。调色：演播室的冷青色暗部和暖黄色高光，饱和度克制。
现在的 ALPHA 以 @图片1 的三视图为准：青黄银三色机械外壳、黄色头盔和翼片、银色金属面板拼成的脸、青色硬壳嘴唇、蓝紫色发光镜头眼、耳侧涡轮，腿上有 ALPHA 字样。她是一台真实的大型演出机器人，高 3.5 米，双脚固定在黑色钢制底座上，底座后面拖着粗线缆；她不走动，腿不动，上身最多前倾或后仰 10 度；头、手臂、手指、下颌、眼睑、眉毛、光圈、耳侧涡轮可以动，动作有重量和惯性，比人慢。比例：成年人站在她身旁，头顶只到她的腰；灯光师站在 2 米高的铝梯顶上才和她的肩膀一样高；她的头比成年人的上半身还宽；她怀里的黄色电吉他比一个成年人还长。画面里只要有人，就保持这个比例。
面部：脸由固定的金属面板拼成；上唇、鼻子、颊板不动，只有下唇和下巴连成的整块刚性下颌绕两侧铰链开合。开口永远是一条横向扁缝，宽至少是高的 4 倍，嘴角尖而贴紧，不收成圆形；上下唇内缘是光滑的金属边，开口里是一块平的黑色金属挡板，后面隐约有金色小电机和连杆，没有牙齿和舌头；开口不超过上唇的厚度。表情只来自机械零件：链条眉毛一节节抬起、叠层眼睑快门片一层层落下或收起、镜头眼光圈收放、嘴角小板微微上扬或下压、头部舵机一格一格地转和点。眨眼是叠层快门片落下再收回。
画面里的其他人都有自己的动作和反应，不是静止的背景。
一共 5 个镜头，按时间硬切：
镜头1（0.0–3.5 秒）：全景平视：四个穿黑衣的工作人员推着黑色钢制底座，把她推到演播室中央，人头顶只到她的腰；一人倒退着打手势指挥，另一人蹲下把底座后的粗线缆理直。她低着头，眼睛不亮。
镜头2（3.5–6.5 秒）：仰拍：白胡子灯光师老杨站在 2 米铝梯顶上，正好和她的肩膀一样高，拧紧最后一盏灯，低头看她，咧嘴一笑。
镜头3（6.5–9.5 秒）：中景：场务踩着小梯子，小心地把领夹麦贴在她肩甲边缘，贴完轻轻拍了拍她的外壳，退下梯子。她的眼睛亮起，光圈张开，头一格一格转向场务，点头致谢，说了一句话。
镜头4（9.5–12.5 秒）：从她肩后俯拍：监视器后面，主持人林姐抬头看她，温和地问了一句话；旁边的导播摘下耳机，抬手示意全场安静。
镜头5（12.5–15.0 秒）：全景：她把黄色电吉他抱进怀里，轻声说了一句话；脚边的工作人员一个个放下手里的活，在地上坐下，抬头看她。
这一组没有歌声：人物说话只做口型动作，对白后期加字幕；只要现场环境声，不要音乐和人声。生成声音关闭。
对白（只出字幕）：ALPHA：谢谢。／林姐：第一个问题……你的悲伤，是真的吗？／ALPHA：我可以……唱出来吗？
不要：牙齿、舌头、圆口、噘嘴、软嘴唇、面板弯曲裂开、零件消失；比例错误；现在的 ALPHA 走路或迈步；人类皮肤长在机器人身上；卡通、玩具、3D 渲染感、塑料感；字幕和文字；慢动作；转场特效。"
G01,演播室·前奏与开口,现在,Seedance 2.5,28,0.00,27.60,口型_G01.mp3,MAT-035 角色卡.PNG（三视图定妆照，现在的她以此为准）；白模结构参考.jpg（随包，实体头部白模的正面、侧面、嘴部特写）；状态卡_上传用.jpg（随包，白模六个合法表情和口型状态）；MAT-034 新吉他卡.PNG；MAT-023 K13 低角度仰拍；MAT-024 K18 演播室近景；MAT-002 K20 面部与吉他极近景,"参考：@图片1 是现在的 ALPHA 的外观（三视图定妆照）；@图片2 是她头部的实体白模，面部机械结构和口型的依据；@图片3 是她面部表情和口型的全部合法状态；@图片4 是她的黄色机械电吉他；@图片5 是「K13 低角度仰拍」的场景、人物和光影参考；@图片6 是「K18 演播室近景」的场景、人物和光影参考；@图片7 是「K20 面部与吉他极近景」的场景、人物和光影参考。@音频1 是她的歌声。
院线电影级画面，像真实拍摄：大画幅数字电影机质感，球面电影镜头，16:9。光线全部有来源（顶灯、追光、窗、路灯、霓虹、屏幕），体积光和薄烟，深而干净的黑位，高光有柔和的光晕，细腻的 35mm 胶片颗粒。细节丰富：金属的划痕、指纹、灰尘、螺丝、接缝、线缆、冷凝水、雨珠、布料纹理都清楚可见。镜头运动克制，有轻微手持呼吸感，焦点在人物之间缓慢转移。调色：演播室的冷青色暗部和暖黄色高光，饱和度克制。
现在的 ALPHA 以 @图片1 的三视图为准：青黄银三色机械外壳、黄色头盔和翼片、银色金属面板拼成的脸、青色硬壳嘴唇、蓝紫色发光镜头眼、耳侧涡轮，腿上有 ALPHA 字样。她是一台真实的大型演出机器人，高 3.5 米，双脚固定在黑色钢制底座上，底座后面拖着粗线缆；她不走动，腿不动，上身最多前倾或后仰 10 度；头、手臂、手指、下颌、眼睑、眉毛、光圈、耳侧涡轮可以动，动作有重量和惯性，比人慢。比例：成年人站在她身旁，头顶只到她的腰；灯光师站在 2 米高的铝梯顶上才和她的肩膀一样高；她的头比成年人的上半身还宽；她怀里的黄色电吉他比一个成年人还长。画面里只要有人，就保持这个比例。
面部（参考 @图片2 的实体白模、@图片3 的状态）：脸由固定的金属面板拼成；上唇、鼻子、颊板不动，只有下唇和下巴连成的整块刚性下颌绕两侧铰链开合。开口永远是一条横向扁缝，宽至少是高的 4 倍，嘴角尖而贴紧，不收成圆形；上下唇内缘是光滑的金属边，开口里是一块平的黑色金属挡板，后面隐约有金色小电机和连杆，没有牙齿和舌头；开口不超过上唇的厚度。表情只来自机械零件：链条眉毛一节节抬起、叠层眼睑快门片一层层落下或收起、镜头眼光圈收放、嘴角小板微微上扬或下压、头部舵机一格一格地转和点。眨眼是叠层快门片落下再收回。
演唱时的表情：情绪是思念和克制：眼睑快门片半垂，目光低落；头一格一格慢慢转开，像目送远去的列车；光圈收小，蓝光变暗一点。动作是机器的，感情是真的，深情而克制。
画面里的其他人都有自己的动作和反应，不是静止的背景。
一共 6 个镜头，按时间硬切：
镜头1（0.0–5.0 秒）：特写：她的金属手指扫弦弹前奏，琴弦震动，指关节的舵机细微抖动；吉他琴身比旁边坐着的工作人员的肩膀还宽。
镜头2（5.0–10.0 秒）：低机位全景：她站在底座上弹前奏，追光从头顶打下穿过薄烟；脚边坐着的工作人员抬头看，有人举起手机又慢慢放下；梯子上的老杨停住了手。
镜头3（10.0–14.4 秒）：近景：她低着头，眼睑快门片落下三分之一，链条眉毛内侧微抬，胸前散热缝随前奏轻轻开合，像在吸气。
镜头4（14.4–21.0 秒）：四分之三侧特写：她唱第一句，下颌逐字开合；头一格一格慢慢转开，像目送远去的车；光圈缓缓收小。
镜头5（21.0–24.5 秒）：低角度中近景：她唱第二句，头抬起一格，眼睑快门片一层层收起，耳侧涡轮开始转动。
镜头6（24.5–28.0 秒）：反应：梯子上的老杨慢慢摘下一只手套；监视器后的林姐放下手卡，摘下一边耳返；导播靠回椅背，一动不动。
演唱时间：14.4–21.0 秒唱「望着你坐上远去的列车」；21.0–27.6 秒唱「汽笛声将悲伤情绪淹没」。
唱歌：@音频1 从视频第 0 帧原位对应，包括开头的静音，保持原来的语速和停顿，不加前导静音，不新增台词或配乐。第一个字出声前下颌闭合；每个字转开一次、字尾回落，换气时合上，只有拖长的尾音可以停在半开；舵机式运动，起步快、到位硬停、轻微回弹。只有她的脸在画面里时才需要对口型，其他镜头里歌声照常继续。生成声音开启。
不要：牙齿、舌头、圆口、噘嘴、软嘴唇、面板弯曲裂开、零件消失；比例错误；现在的 ALPHA 走路或迈步；人类皮肤长在机器人身上；卡通、玩具、3D 渲染感、塑料感；字幕和文字；慢动作；转场特效。"
G02,回忆·诞生,回忆,Seedance 2.5,30,,,,MAT-003 K24 实验室与老周；MAT-021 K11 手与木吉他；MAT-030 R03 地铁乐手（原图）；白模结构参考.jpg（随包，实体头部白模的正面、侧面、嘴部特写）,"参考：@图片1 是「K24 实验室与老周」的场景、人物和光影参考；@图片2 是「K11 手与木吉他」的场景、人物和光影参考；@图片3 是「R03 地铁乐手（原图）」的场景、人物和光影参考；@图片4 是她头部的实体白模，面部机械结构和口型的依据。
院线电影级画面，像真实拍摄：大画幅数字电影机质感，球面电影镜头，16:9。光线全部有来源（顶灯、追光、窗、路灯、霓虹、屏幕），体积光和薄烟，深而干净的黑位，高光有柔和的光晕，细腻的 35mm 胶片颗粒。细节丰富：金属的划痕、指纹、灰尘、螺丝、接缝、线缆、冷凝水、雨珠、布料纹理都清楚可见。镜头运动克制，有轻微手持呼吸感，焦点在人物之间缓慢转移。调色：回忆的暖琥珀色，柔和的高光，略低对比，像旧胶片。
回忆里的 ALPHA 是她的初代机体，和成年人一样高（约 1.7 米），能走路；同一张银色分片机械脸、蓝紫色镜头眼、青色嘴唇、耳侧圆形涡轮，身上没有任何人类皮肤。
面部（参考 @图片4 的实体白模）：脸由固定的金属面板拼成；上唇、鼻子、颊板不动，只有下唇和下巴连成的整块刚性下颌绕两侧铰链开合。开口永远是一条横向扁缝，宽至少是高的 4 倍，嘴角尖而贴紧，不收成圆形；上下唇内缘是光滑的金属边，开口里是一块平的黑色金属挡板，后面隐约有金色小电机和连杆，没有牙齿和舌头；开口不超过上唇的厚度。表情只来自机械零件：链条眉毛一节节抬起、叠层眼睑快门片一层层落下或收起、镜头眼光圈收放、嘴角小板微微上扬或下压、头部舵机一格一格地转和点。眨眼是叠层快门片落下再收回。
画面里的其他人都有自己的动作和反应，不是静止的背景。
一共 6 个镜头，按时间硬切：
镜头1（0.0–6.0 秒）：@图片1 的旧实验室，深夜台灯：她的眼睛第一次亮起，蓝光一格一格地变亮；对面的老周推了推眼镜，愣住，然后笑了，眼角挤出皱纹。
镜头2（6.0–11.0 秒）：特写（@图片2）：老周粗糙的手覆在她的银色机械手指上，帮她按住蜂蜜色木吉他的弦；他的拇指上贴着创可贴；她的手指很生硬。
镜头3（11.0–16.0 秒）：中景：桌上的旧录音机转着磁带，老周闭着眼跟着哼，用脚打拍子，跑了调；她歪着头听，头一格一格转向他。
镜头4（16.0–21.0 秒）：商场中庭的小演出：她抱着木吉他唱完，几个路人稀稀拉拉地鼓掌；一个小女孩跑过来碰了碰她的金属手指，母亲立刻把孩子拉走，皱着眉没看她。
镜头5（21.0–25.0 秒）：人群外，@图片3 那个背琴包的年轻乐手握着刚挂断的手机，看了她一眼，叹口气，转身走进人流。
镜头6（25.0–30.0 秒）：她独自站在原地，低头看着被碰过的手指，慢慢把手握起来。
这一组没有歌声：人物说话只做口型动作，对白后期加字幕；只要现场环境声，不要音乐和人声。生成声音关闭。
对白（只出字幕）：老周：会唱歌，就有人愿意听你说话了。／母亲：别碰，那是个东西。
不要：牙齿、舌头、圆口、噘嘴、软嘴唇、面板弯曲裂开、零件消失；比例错误；现在的 ALPHA 走路或迈步；人类皮肤长在机器人身上；卡通、玩具、3D 渲染感、塑料感；字幕和文字；慢动作；转场特效。"
G03,回忆·被否定,回忆,Seedance 2.0,15,,,,MAT-004 K19 听证大厅；MAT-030 R03 地铁乐手（原图）；MAT-003 K24 实验室与老周,"参考：@图片1 是「K19 听证大厅」的场景、人物和光影参考；@图片2 是「R03 地铁乐手（原图）」的场景、人物和光影参考；@图片3 是「K24 实验室与老周」的场景、人物和光影参考。
院线电影级画面，像真实拍摄：大画幅数字电影机质感，球面电影镜头，16:9。光线全部有来源（顶灯、追光、窗、路灯、霓虹、屏幕），体积光和薄烟，深而干净的黑位，高光有柔和的光晕，细腻的 35mm 胶片颗粒。细节丰富：金属的划痕、指纹、灰尘、螺丝、接缝、线缆、冷凝水、雨珠、布料纹理都清楚可见。镜头运动克制，有轻微手持呼吸感，焦点在人物之间缓慢转移。调色：回忆的暖琥珀色，柔和的高光，略低对比，像旧胶片。
回忆里的 ALPHA 是她的初代机体，和成年人一样高（约 1.7 米），能走路；同一张银色分片机械脸、蓝紫色镜头眼、青色嘴唇、耳侧圆形涡轮，身上没有任何人类皮肤。
画面里的其他人都有自己的动作和反应，不是静止的背景。
一共 3 个镜头，按时间硬切：
镜头1（0.0–5.0 秒）：黑暗的演出场地：一排排手机屏幕举起，人群在拍她、笑她，有人吹口哨；远处小舞台上的她很小。
镜头2（5.0–10.0 秒）：@图片1 的听证大厅俯拍：大屏幕上的投票一格一格变红，一位专家站起来指着屏幕说话，旁边的人纷纷点头；她站在大厅中央，抬头看向高处。
镜头3（10.0–15.0 秒）：@图片2 的地铁通道：巨大的 AI 音乐广告亮着，广告下的真人乐手弹唱，人流从他身边匆匆走过，没有人停下；他弹错一个和弦，停下来，低头看着自己的手。
这一组没有歌声：人物说话只做口型动作，对白后期加字幕；只要现场环境声，不要音乐和人声。生成声音关闭。
对白（只出字幕）：专家：它没有生命。它的悲伤，只是一段被训练出来的程序。
不要：牙齿、舌头、圆口、噘嘴、软嘴唇、面板弯曲裂开、零件消失；比例错误；现在的 ALPHA 走路或迈步；人类皮肤长在机器人身上；卡通、玩具、3D 渲染感、塑料感；字幕和文字；慢动作；转场特效。"
G04,演播室·真心的人,现在,Seedance 2.5,27,60.70,87.00,口型_G04.mp3,MAT-035 角色卡.PNG（三视图定妆照，现在的她以此为准）；白模结构参考.jpg（随包，实体头部白模的正面、侧面、嘴部特写）；状态卡_上传用.jpg（随包，白模六个合法表情和口型状态）；MAT-034 新吉他卡.PNG；MAT-024 K18 演播室近景；MAT-023 K13 低角度仰拍；MAT-026 R05 老杨鼓掌,"参考：@图片1 是现在的 ALPHA 的外观（三视图定妆照）；@图片2 是她头部的实体白模，面部机械结构和口型的依据；@图片3 是她面部表情和口型的全部合法状态；@图片4 是她的黄色机械电吉他；@图片5 是「K18 演播室近景」的场景、人物和光影参考；@图片6 是「K13 低角度仰拍」的场景、人物和光影参考；@图片7 是「R05 老杨鼓掌」的场景、人物和光影参考。@音频1 是她的歌声。
院线电影级画面，像真实拍摄：大画幅数字电影机质感，球面电影镜头，16:9。光线全部有来源（顶灯、追光、窗、路灯、霓虹、屏幕），体积光和薄烟，深而干净的黑位，高光有柔和的光晕，细腻的 35mm 胶片颗粒。细节丰富：金属的划痕、指纹、灰尘、螺丝、接缝、线缆、冷凝水、雨珠、布料纹理都清楚可见。镜头运动克制，有轻微手持呼吸感，焦点在人物之间缓慢转移。调色：演播室的冷青色暗部和暖黄色高光，饱和度克制。
现在的 ALPHA 以 @图片1 的三视图为准：青黄银三色机械外壳、黄色头盔和翼片、银色金属面板拼成的脸、青色硬壳嘴唇、蓝紫色发光镜头眼、耳侧涡轮，腿上有 ALPHA 字样。她是一台真实的大型演出机器人，高 3.5 米，双脚固定在黑色钢制底座上，底座后面拖着粗线缆；她不走动，腿不动，上身最多前倾或后仰 10 度；头、手臂、手指、下颌、眼睑、眉毛、光圈、耳侧涡轮可以动，动作有重量和惯性，比人慢。比例：成年人站在她身旁，头顶只到她的腰；灯光师站在 2 米高的铝梯顶上才和她的肩膀一样高；她的头比成年人的上半身还宽；她怀里的黄色电吉他比一个成年人还长。画面里只要有人，就保持这个比例。
面部（参考 @图片2 的实体白模、@图片3 的状态）：脸由固定的金属面板拼成；上唇、鼻子、颊板不动，只有下唇和下巴连成的整块刚性下颌绕两侧铰链开合。开口永远是一条横向扁缝，宽至少是高的 4 倍，嘴角尖而贴紧，不收成圆形；上下唇内缘是光滑的金属边，开口里是一块平的黑色金属挡板，后面隐约有金色小电机和连杆，没有牙齿和舌头；开口不超过上唇的厚度。表情只来自机械零件：链条眉毛一节节抬起、叠层眼睑快门片一层层落下或收起、镜头眼光圈收放、嘴角小板微微上扬或下压、头部舵机一格一格地转和点。眨眼是叠层快门片落下再收回。
演唱时的表情：情绪是怀念和寻找：链条眉毛内侧上抬；头一格一格偏向一侧，像在人群里找一个人；光圈随乐句收放。动作是机器的，感情是真的，深情而克制。
画面里的其他人都有自己的动作和反应，不是静止的背景。
一共 5 个镜头，按时间硬切：
镜头1（0.0–6.0 秒）：近景：她唱这一句，头一格一格地偏向一侧，像在人群里找一个人；链条眉毛内侧上抬，光圈收放。
镜头2（6.0–11.0 秒）：全景，从观众席后方拍：一排排工作人员和观众的后脑勺，有人捂住嘴，有人悄悄擦眼睛；舞台上的她比所有人高出一大截。
镜头3（11.0–17.0 秒）：低角度：她唱这一句，眼睑快门片半垂，上身微微前倾，左手换和弦，指关节的舵机细微颤动。
镜头4（17.0–21.0 秒）：林姐近景：她眼眶发红，一滴泪落在手卡上，墨迹晕开；身旁的导播默默递过一张纸巾。
镜头5（21.0–27.0 秒）：特写：她唱这一句，眼睑快门片收起，光圈张开，嘴角小板微微上扬，像一个机械的微笑；耳侧涡轮转快。
演唱时间：0.3–6.1 秒唱「真心的人又能有几个」；6.9–13.6 秒唱「谁不是谁今生的过客」；13.6–20.3 秒唱「谁的一生注定不蹉跎」；20.3–26.3 秒唱「亲爱的朋友不必难过」。
唱歌：@音频1 从视频第 0 帧原位对应，包括开头的静音，保持原来的语速和停顿，不加前导静音，不新增台词或配乐。第一个字出声前下颌闭合；每个字转开一次、字尾回落，换气时合上，只有拖长的尾音可以停在半开；舵机式运动，起步快、到位硬停、轻微回弹。只有她的脸在画面里时才需要对口型，其他镜头里歌声照常继续。生成声音开启。
不要：牙齿、舌头、圆口、噘嘴、软嘴唇、面板弯曲裂开、零件消失；比例错误；现在的 ALPHA 走路或迈步；人类皮肤长在机器人身上；卡通、玩具、3D 渲染感、塑料感；字幕和文字；慢动作；转场特效。"
G05,回忆·照顾与报废,回忆,Seedance 2.5,30,,,,MAT-003 K24 实验室与老周；MAT-032 打印机通知；MAT-031 仓库篷布,"参考：@图片1 是「K24 实验室与老周」的场景、人物和光影参考；@图片2 是「打印机通知」的场景、人物和光影参考；@图片3 是「仓库篷布」的场景、人物和光影参考。
院线电影级画面，像真实拍摄：大画幅数字电影机质感，球面电影镜头，16:9。光线全部有来源（顶灯、追光、窗、路灯、霓虹、屏幕），体积光和薄烟，深而干净的黑位，高光有柔和的光晕，细腻的 35mm 胶片颗粒。细节丰富：金属的划痕、指纹、灰尘、螺丝、接缝、线缆、冷凝水、雨珠、布料纹理都清楚可见。镜头运动克制，有轻微手持呼吸感，焦点在人物之间缓慢转移。调色：回忆的暖琥珀色，柔和的高光，略低对比，像旧胶片。
回忆里的 ALPHA 是她的初代机体，和成年人一样高（约 1.7 米），能走路；同一张银色分片机械脸、蓝紫色镜头眼、青色嘴唇、耳侧圆形涡轮，身上没有任何人类皮肤。
画面里的其他人都有自己的动作和反应，不是静止的背景。
一共 6 个镜头，按时间硬切：
镜头1（0.0–4.0 秒）：厨房：老周打开冰箱，钥匙放在里面；他拿着钥匙愣住，挠了挠头，想不起来为什么。
镜头2（4.0–7.0 秒）：特写：老人的手背上用圆珠笔写着几行字，字迹被汗晕开。
镜头3（7.0–13.0 秒）：实验室：老周把一颗黄色糖纸的润喉糖放进她的金属手心，她慢慢握住；两人说话，老周拍拍她的手背。
镜头4（13.0–17.0 秒）：@图片2：打印机吐出一张带红章的通知，一只穿西装的手把它抽走。
镜头5（17.0–23.0 秒）：@图片3：空旷的旧仓库，篷布下透出的蓝光一点点暗下去，熄灭；搬运工推着叉车从旁边经过，没有停。
镜头6（23.0–30.0 秒）：手电光照进仓库，老周气喘吁吁地掀开篷布，她的眼睛闪了两下，亮了；老人一屁股坐在地上，松了一口气。
这一组没有歌声：人物说话只做口型动作，对白后期加字幕；只要现场环境声，不要音乐和人声。生成声音关闭。
对白（只出字幕）：ALPHA：他们为什么怕我？／老周：不是怕你。是怕自己被落下。
不要：牙齿、舌头、圆口、噘嘴、软嘴唇、面板弯曲裂开、零件消失；比例错误；现在的 ALPHA 走路或迈步；人类皮肤长在机器人身上；卡通、玩具、3D 渲染感、塑料感；字幕和文字；慢动作；转场特效。"
G06,回忆·告别,回忆,Seedance 2.5,30,,,,MAT-005 K25 车站老周披衣；MAT-006 K30 空站台；MAT-003 K24 实验室与老周,"参考：@图片1 是「K25 车站老周披衣」的场景、人物和光影参考；@图片2 是「K30 空站台」的场景、人物和光影参考；@图片3 是「K24 实验室与老周」的场景、人物和光影参考。
院线电影级画面，像真实拍摄：大画幅数字电影机质感，球面电影镜头，16:9。光线全部有来源（顶灯、追光、窗、路灯、霓虹、屏幕），体积光和薄烟，深而干净的黑位，高光有柔和的光晕，细腻的 35mm 胶片颗粒。细节丰富：金属的划痕、指纹、灰尘、螺丝、接缝、线缆、冷凝水、雨珠、布料纹理都清楚可见。镜头运动克制，有轻微手持呼吸感，焦点在人物之间缓慢转移。调色：回忆的暖琥珀色，柔和的高光，略低对比，像旧胶片。
回忆里的 ALPHA 是她的初代机体，和成年人一样高（约 1.7 米），能走路；同一张银色分片机械脸、蓝紫色镜头眼、青色嘴唇、耳侧圆形涡轮，身上没有任何人类皮肤。
画面里的其他人都有自己的动作和反应，不是静止的背景。
一共 6 个镜头，按时间硬切：
镜头1（0.0–6.0 秒）：雨中的铁轨边：老周拖着行李箱，她背着木吉他（初代银白机身，还没穿外衣），两人并排走向小站；路过的扳道工抬头看了他们一眼。
镜头2（6.0–9.0 秒）：雨水顺着车站告示往下流，老人的手握紧行李箱拉杆，指节发白。
镜头3（9.0–16.0 秒）：@图片1 的站台：老周给她穿上新买的黑色长羽绒服，拉好领口，把自己的灰围巾绕在她脖子上，说了一句话；身后的列车员吹响哨子，挥手催人上车。
镜头4（16.0–22.0 秒）：列车开动，车窗里的老周贴着玻璃，越来越小；她抬起一只手；站台上的乘客散去，只剩下她。
镜头5（22.0–26.0 秒）：大特写：一滴雨顺着她脸上的金属接缝滑下，眼睑快门片慢慢落下一层。
镜头6（26.0–30.0 秒）：@图片2 的站台，固定机位：她一动不动地站着，天色从白天变成黄昏，站灯一盏盏亮起。
这一组没有歌声：人物说话只做口型动作，对白后期加字幕；只要现场环境声，不要音乐和人声。生成声音关闭。
对白（只出字幕）：老周：天冷，穿上。／老周：去唱吧。别在仓库里等我。
不要：牙齿、舌头、圆口、噘嘴、软嘴唇、面板弯曲裂开、零件消失；比例错误；现在的 ALPHA 走路或迈步；人类皮肤长在机器人身上；卡通、玩具、3D 渲染感、塑料感；字幕和文字；慢动作；转场特效。"
G07,站台·第一次弹唱,回忆,Seedance 2.0,14,137.40,150.85,口型_G07.mp3,MAT-006 K30 空站台；MAT-005 K25 车站老周披衣；白模结构参考.jpg（随包，实体头部白模的正面、侧面、嘴部特写）；状态卡_上传用.jpg（随包，白模六个合法表情和口型状态）,"参考：@图片1 是「K30 空站台」的场景、人物和光影参考；@图片2 是「K25 车站老周披衣」的场景、人物和光影参考；@图片3 是她头部的实体白模，面部机械结构和口型的依据；@图片4 是她面部表情和口型的全部合法状态。@音频1 是她的歌声。
院线电影级画面，像真实拍摄：大画幅数字电影机质感，球面电影镜头，16:9。光线全部有来源（顶灯、追光、窗、路灯、霓虹、屏幕），体积光和薄烟，深而干净的黑位，高光有柔和的光晕，细腻的 35mm 胶片颗粒。细节丰富：金属的划痕、指纹、灰尘、螺丝、接缝、线缆、冷凝水、雨珠、布料纹理都清楚可见。镜头运动克制，有轻微手持呼吸感，焦点在人物之间缓慢转移。调色：回忆的暖琥珀色，柔和的高光，略低对比，像旧胶片。
回忆里的 ALPHA 是她的初代机体，和成年人一样高（约 1.7 米），能走路；同一张银色分片机械脸、蓝紫色镜头眼、青色嘴唇、耳侧圆形涡轮，身上没有任何人类皮肤。
面部（参考 @图片3 的实体白模、@图片4 的状态）：脸由固定的金属面板拼成；上唇、鼻子、颊板不动，只有下唇和下巴连成的整块刚性下颌绕两侧铰链开合。开口永远是一条横向扁缝，宽至少是高的 4 倍，嘴角尖而贴紧，不收成圆形；上下唇内缘是光滑的金属边，开口里是一块平的黑色金属挡板，后面隐约有金色小电机和连杆，没有牙齿和舌头；开口不超过上唇的厚度。表情只来自机械零件：链条眉毛一节节抬起、叠层眼睑快门片一层层落下或收起、镜头眼光圈收放、嘴角小板微微上扬或下压、头部舵机一格一格地转和点。眨眼是叠层快门片落下再收回。
演唱时的表情：情绪是思念和克制：眼睑快门片半垂，目光低落；头一格一格慢慢转开，像目送远去的列车；光圈收小，蓝光变暗一点。动作是机器的，感情是真的，深情而克制。
画面里的其他人都有自己的动作和反应，不是静止的背景。
一共 2 个镜头，按时间硬切：
镜头1（0.0–6.0 秒）：@图片1 远景：雨后的空站台，她坐在长椅上，第一次抱起木吉他弹唱这首歌；远处一个夜班站务员提着灯停下脚步，回头看她。
镜头2（6.0–14.0 秒）：侧脸近景：她低头唱这一句，下颌逐字开合，眼睑快门片半垂；雨水从站台棚檐滴下，打在她的肩上。
演唱时间：0.3–7.0 秒唱「站台上忽然一阵风吹过」；7.0–12.4 秒唱「一滴泪在我的眼角滑落」。
唱歌：@音频1 从视频第 0 帧原位对应，包括开头的静音，保持原来的语速和停顿，不加前导静音，不新增台词或配乐。第一个字出声前下颌闭合；每个字转开一次、字尾回落，换气时合上，只有拖长的尾音可以停在半开；舵机式运动，起步快、到位硬停、轻微回弹。只有她的脸在画面里时才需要对口型，其他镜头里歌声照常继续。生成声音开启。
不要：牙齿、舌头、圆口、噘嘴、软嘴唇、面板弯曲裂开、零件消失；比例错误；现在的 ALPHA 走路或迈步；人类皮肤长在机器人身上；卡通、玩具、3D 渲染感、塑料感；字幕和文字；慢动作；转场特效。"
G08,低谷蒙太奇,低谷,Seedance 2.5,30,,,,MAT-005 K25 车站老周披衣；MAT-007 R02 公厕镜前；MAT-008 K03 劳务市场；MAT-009 K07 拆解厂；MAT-010 K06 雷雨电塔；MAT-011 K26 冷库；MAT-012 K31 小巷黑市；MAT-013 K05 红灯房间,"参考：@图片1 是「K25 车站老周披衣」的场景、人物和光影参考；@图片2 是「R02 公厕镜前」的场景、人物和光影参考；@图片3 是「K03 劳务市场」的场景、人物和光影参考；@图片4 是「K07 拆解厂」的场景、人物和光影参考；@图片5 是「K06 雷雨电塔」的场景、人物和光影参考；@图片6 是「K26 冷库」的场景、人物和光影参考；@图片7 是「K31 小巷黑市」的场景、人物和光影参考；@图片8 是「K05 红灯房间」的场景、人物和光影参考。
院线电影级画面，像真实拍摄：大画幅数字电影机质感，球面电影镜头，16:9。光线全部有来源（顶灯、追光、窗、路灯、霓虹、屏幕），体积光和薄烟，深而干净的黑位，高光有柔和的光晕，细腻的 35mm 胶片颗粒。细节丰富：金属的划痕、指纹、灰尘、螺丝、接缝、线缆、冷凝水、雨珠、布料纹理都清楚可见。镜头运动克制，有轻微手持呼吸感，焦点在人物之间缓慢转移。调色：低谷期的冷蓝灰，夹杂钠灯橙和霓虹红，脏、潮湿。
回忆里的 ALPHA 是她的初代机体，和成年人一样高（约 1.7 米），能走路；同一张银色分片机械脸、蓝紫色镜头眼、青色嘴唇、耳侧圆形涡轮，身上没有任何人类皮肤。
小鹿、阿凯、默默看上去就是普通人：没有任何金属、线路或机械结构，影子和倒影正常。阿凯穿黑色夹克、戴露指皮手套；小鹿穿牛仔外套；默默戴眼镜。
画面里的其他人都有自己的动作和反应，不是静止的背景。
一共 8 个镜头，按时间硬切：
镜头1（0.0–4.0 秒）：@图片2：公厕镜前，她把一顶廉价黑假发往金属头上戴正；镜子里只有一张脸；隔间门开了，一个醉醺醺的男人出来，看了她一眼，躲开了。
镜头2（4.0–7.0 秒）：雨夜：面馆老板推开门，挥手把在屋檐下躲雨的她赶走，店里的食客隔着玻璃往外看。
镜头3（7.0–10.0 秒）：@图片3：劳务市场，一辆面包车开过来，一群人围上去抢活；车里的人看了她一眼，摇上车窗，开走了。
镜头4（10.0–14.0 秒）：@图片4：拆解厂，她用金属手指按住一个同型号机器人头的眼睛，蓝光熄灭；对面戴眼镜的默默抬头看她，手里的螺丝刀停住。
镜头5（14.0–17.0 秒）：@图片5：闪电劈下，她背对镜头走向输电塔，雨水砸在羽绒服上。
镜头6（17.0–21.0 秒）：@图片6：冷库，工人们呼着白气搬箱子、跺脚取暖；她背对镜头搬着箱子走过，只有她和默默不呼白气。
镜头7（21.0–25.0 秒）：@图片7：小巷黑市，电贩子舔着手指数钱；她靠墙，颈后接着线，眼睛慢慢亮起。
镜头8（25.0–30.0 秒）：@图片8：红灯房间，她蹲着，把自己掉下来的外壳碎片抱在怀里，挤出一个苦涩的机械笑容——嘴角小板微微上扬又落下。
这一组没有歌声：只要现场环境声（风、雨、火车、机器、人群），不要音乐和人声。
不要：牙齿、舌头、圆口、噘嘴、软嘴唇、面板弯曲裂开、零件消失；比例错误；现在的 ALPHA 走路或迈步；人类皮肤长在机器人身上；卡通、玩具、3D 渲染感、塑料感；字幕和文字；慢动作；转场特效。"
G09,夜场·卖唱·摩托,低谷,Seedance 2.5,18,164.00,177.45,口型_G09.mp3,MAT-014 K29 包间；MAT-015 K01 帘幕后；MAT-005 K25 车站老周披衣；白模结构参考.jpg（随包，实体头部白模的正面、侧面、嘴部特写）；状态卡_上传用.jpg（随包，白模六个合法表情和口型状态）,"参考：@图片1 是「K29 包间」的场景、人物和光影参考；@图片2 是「K01 帘幕后」的场景、人物和光影参考；@图片3 是「K25 车站老周披衣」的场景、人物和光影参考；@图片4 是她头部的实体白模，面部机械结构和口型的依据；@图片5 是她面部表情和口型的全部合法状态。@音频1 是她的歌声。
院线电影级画面，像真实拍摄：大画幅数字电影机质感，球面电影镜头，16:9。光线全部有来源（顶灯、追光、窗、路灯、霓虹、屏幕），体积光和薄烟，深而干净的黑位，高光有柔和的光晕，细腻的 35mm 胶片颗粒。细节丰富：金属的划痕、指纹、灰尘、螺丝、接缝、线缆、冷凝水、雨珠、布料纹理都清楚可见。镜头运动克制，有轻微手持呼吸感，焦点在人物之间缓慢转移。调色：低谷期的冷蓝灰，夹杂钠灯橙和霓虹红，脏、潮湿。
回忆里的 ALPHA 是她的初代机体，和成年人一样高（约 1.7 米），能走路；同一张银色分片机械脸、蓝紫色镜头眼、青色嘴唇、耳侧圆形涡轮，身上没有任何人类皮肤。
面部（参考 @图片4 的实体白模、@图片5 的状态）：脸由固定的金属面板拼成；上唇、鼻子、颊板不动，只有下唇和下巴连成的整块刚性下颌绕两侧铰链开合。开口永远是一条横向扁缝，宽至少是高的 4 倍，嘴角尖而贴紧，不收成圆形；上下唇内缘是光滑的金属边，开口里是一块平的黑色金属挡板，后面隐约有金色小电机和连杆，没有牙齿和舌头；开口不超过上唇的厚度。表情只来自机械零件：链条眉毛一节节抬起、叠层眼睑快门片一层层落下或收起、镜头眼光圈收放、嘴角小板微微上扬或下压、头部舵机一格一格地转和点。眨眼是叠层快门片落下再收回。
小鹿、阿凯、默默看上去就是普通人：没有任何金属、线路或机械结构，影子和倒影正常。阿凯穿黑色夹克、戴露指皮手套；小鹿穿牛仔外套；默默戴眼镜。
演唱时的表情：情绪是怀念和寻找：链条眉毛内侧上抬；头一格一格偏向一侧，像在人群里找一个人；光圈随乐句收放。动作是机器的，感情是真的，深情而克制。
画面里的其他人都有自己的动作和反应，不是静止的背景。
一共 4 个镜头，按时间硬切：
镜头1（0.0–6.0 秒）：@图片1：包间中央，她拿着麦克风职业性地唱，沙发上的人在划拳、喝酒，没人听；右边穿黑夹克的阿凯靠墙站着，一直看着她。
镜头2（6.0–9.0 秒）：一个醉汉站起来拽住她的手腕，她还在唱；一只戴露指皮手套的手伸进来，捏住醉汉的手腕，醉汉疼得松手（阿凯）。
镜头3（9.0–13.5 秒）：@图片2：后台帘幕边，她侧脸对着麦克风继续唱，眉毛内侧上抬；帘子外有人影走过。
镜头4（13.5–18.0 秒）：雨夜，阿凯骑着一辆旧摩托，她披着羽绒服坐在后座；红灯前他回头看了她一眼，两人都没说话。
演唱时间：0.4–7.0 秒唱「在人来人往的尘世间」；7.0–13.3 秒唱「真心的人又能有几个」。
13.4 秒以后音频是静音，她不再唱，下颌闭合。
唱歌：@音频1 从视频第 0 帧原位对应，包括开头的静音，保持原来的语速和停顿，不加前导静音，不新增台词或配乐。第一个字出声前下颌闭合；每个字转开一次、字尾回落，换气时合上，只有拖长的尾音可以停在半开；舵机式运动，起步快、到位硬停、轻微回弹。只有她的脸在画面里时才需要对口型，其他镜头里歌声照常继续。生成声音开启。
不要：牙齿、舌头、圆口、噘嘴、软嘴唇、面板弯曲裂开、零件消失；比例错误；现在的 ALPHA 走路或迈步；人类皮肤长在机器人身上；卡通、玩具、3D 渲染感、塑料感；字幕和文字；慢动作；转场特效。"
G10,地下通道·同类,低谷,Seedance 2.5,20,177.35,184.15,口型_G10.mp3,MAT-016 K15 地下通道；MAT-017 K09 走廊小鹿；MAT-018 R04 出租屋三人；MAT-005 K25 车站老周披衣；白模结构参考.jpg（随包，实体头部白模的正面、侧面、嘴部特写）；状态卡_上传用.jpg（随包，白模六个合法表情和口型状态）,"参考：@图片1 是「K15 地下通道」的场景、人物和光影参考；@图片2 是「K09 走廊小鹿」的场景、人物和光影参考；@图片3 是「R04 出租屋三人」的场景、人物和光影参考；@图片4 是「K25 车站老周披衣」的场景、人物和光影参考；@图片5 是她头部的实体白模，面部机械结构和口型的依据；@图片6 是她面部表情和口型的全部合法状态。@音频1 是她的歌声。
院线电影级画面，像真实拍摄：大画幅数字电影机质感，球面电影镜头，16:9。光线全部有来源（顶灯、追光、窗、路灯、霓虹、屏幕），体积光和薄烟，深而干净的黑位，高光有柔和的光晕，细腻的 35mm 胶片颗粒。细节丰富：金属的划痕、指纹、灰尘、螺丝、接缝、线缆、冷凝水、雨珠、布料纹理都清楚可见。镜头运动克制，有轻微手持呼吸感，焦点在人物之间缓慢转移。调色：低谷期的冷蓝灰，夹杂钠灯橙和霓虹红，脏、潮湿。
回忆里的 ALPHA 是她的初代机体，和成年人一样高（约 1.7 米），能走路；同一张银色分片机械脸、蓝紫色镜头眼、青色嘴唇、耳侧圆形涡轮，身上没有任何人类皮肤。
面部（参考 @图片5 的实体白模、@图片6 的状态）：脸由固定的金属面板拼成；上唇、鼻子、颊板不动，只有下唇和下巴连成的整块刚性下颌绕两侧铰链开合。开口永远是一条横向扁缝，宽至少是高的 4 倍，嘴角尖而贴紧，不收成圆形；上下唇内缘是光滑的金属边，开口里是一块平的黑色金属挡板，后面隐约有金色小电机和连杆，没有牙齿和舌头；开口不超过上唇的厚度。表情只来自机械零件：链条眉毛一节节抬起、叠层眼睑快门片一层层落下或收起、镜头眼光圈收放、嘴角小板微微上扬或下压、头部舵机一格一格地转和点。眨眼是叠层快门片落下再收回。
小鹿、阿凯、默默看上去就是普通人：没有任何金属、线路或机械结构，影子和倒影正常。阿凯穿黑色夹克、戴露指皮手套；小鹿穿牛仔外套；默默戴眼镜。
演唱时的表情：情绪是怀念和寻找：链条眉毛内侧上抬；头一格一格偏向一侧，像在人群里找一个人；光圈随乐句收放。动作是机器的，感情是真的，深情而克制。
画面里的其他人都有自己的动作和反应，不是静止的背景。
一共 4 个镜头，按时间硬切：
镜头1（0.0–7.0 秒）：@图片1：地下通道，她靠墙坐着弹唱木吉他（戴假发、羽绒服）；过路的人匆匆走过，一个外卖员停下来听了两秒。
镜头2（7.0–9.0 秒）：音乐断了：保安弯腰拔掉她音箱的插头，指着出口；她停住，眼睛的光暗下去。
镜头3（9.0–13.0 秒）：@图片2：走廊里，小鹿蹲下，把从袖口里拉出的一根细线接到她身上，她的眼睛一点点亮起来；小鹿冲她笑了一下，皮肤完好。
镜头4（13.0–20.0 秒）：@图片3：出租屋里，小鹿、阿凯、默默站在她身后；她抬手摘下假发，放在桌上，露出完整的金属头。阿凯把手插回兜里，默默推了推眼镜，小鹿轻轻点头。
演唱时间：0.3–6.8 秒唱「谁不是谁今生的过客」。
6.8 秒以后音频是静音，她不再唱，下颌闭合。
唱歌：@音频1 从视频第 0 帧原位对应，包括开头的静音，保持原来的语速和停顿，不加前导静音，不新增台词或配乐。第一个字出声前下颌闭合；每个字转开一次、字尾回落，换气时合上，只有拖长的尾音可以停在半开；舵机式运动，起步快、到位硬停、轻微回弹。只有她的脸在画面里时才需要对口型，其他镜头里歌声照常继续。生成声音开启。
对白（只出字幕）：小鹿：我们也是。
不要：牙齿、舌头、圆口、噘嘴、软嘴唇、面板弯曲裂开、零件消失；比例错误；现在的 ALPHA 走路或迈步；人类皮肤长在机器人身上；卡通、玩具、3D 渲染感、塑料感；字幕和文字；慢动作；转场特效。"
G11,雨夜天台,低谷,Seedance 2.5,20,184.00,204.00,口型_G11.mp3,MAT-019 K08 天台合奏；MAT-020 K27 天台仰头；MAT-028 住宅楼夜景（窗暗）；MAT-029 住宅楼夜景（窗亮）；白模结构参考.jpg（随包，实体头部白模的正面、侧面、嘴部特写）；状态卡_上传用.jpg（随包，白模六个合法表情和口型状态）,"参考：@图片1 是「K08 天台合奏」的场景、人物和光影参考；@图片2 是「K27 天台仰头」的场景、人物和光影参考；@图片3 是「住宅楼夜景（窗暗）」的场景、人物和光影参考；@图片4 是「住宅楼夜景（窗亮）」的场景、人物和光影参考；@图片5 是她头部的实体白模，面部机械结构和口型的依据；@图片6 是她面部表情和口型的全部合法状态。@音频1 是她的歌声。
院线电影级画面，像真实拍摄：大画幅数字电影机质感，球面电影镜头，16:9。光线全部有来源（顶灯、追光、窗、路灯、霓虹、屏幕），体积光和薄烟，深而干净的黑位，高光有柔和的光晕，细腻的 35mm 胶片颗粒。细节丰富：金属的划痕、指纹、灰尘、螺丝、接缝、线缆、冷凝水、雨珠、布料纹理都清楚可见。镜头运动克制，有轻微手持呼吸感，焦点在人物之间缓慢转移。调色：低谷期的冷蓝灰，夹杂钠灯橙和霓虹红，脏、潮湿。
回忆里的 ALPHA 是她的初代机体，和成年人一样高（约 1.7 米），能走路；同一张银色分片机械脸、蓝紫色镜头眼、青色嘴唇、耳侧圆形涡轮，身上没有任何人类皮肤。
面部（参考 @图片5 的实体白模、@图片6 的状态）：脸由固定的金属面板拼成；上唇、鼻子、颊板不动，只有下唇和下巴连成的整块刚性下颌绕两侧铰链开合。开口永远是一条横向扁缝，宽至少是高的 4 倍，嘴角尖而贴紧，不收成圆形；上下唇内缘是光滑的金属边，开口里是一块平的黑色金属挡板，后面隐约有金色小电机和连杆，没有牙齿和舌头；开口不超过上唇的厚度。表情只来自机械零件：链条眉毛一节节抬起、叠层眼睑快门片一层层落下或收起、镜头眼光圈收放、嘴角小板微微上扬或下压、头部舵机一格一格地转和点。眨眼是叠层快门片落下再收回。
小鹿、阿凯、默默看上去就是普通人：没有任何金属、线路或机械结构，影子和倒影正常。阿凯穿黑色夹克、戴露指皮手套；小鹿穿牛仔外套；默默戴眼镜。
演唱时的表情：情绪是温暖和释然：头抬起；眼睑快门片收起，光圈张开，蓝光变亮；嘴角小板微微上扬，像一个机械的微笑；唱高音时整条眉毛上抬，耳侧涡轮转快。动作是机器的，感情是真的，深情而克制。
画面里的其他人都有自己的动作和反应，不是静止的背景。
一共 4 个镜头，按时间硬切：
镜头1（0.0–7.0 秒）：@图片1：雨夜天台，她不戴假发，抱着木吉他弹唱；阿凯在旁边仰头跟着大声吼唱，小鹿用手机打着光，默默撑着一把伞挡在音箱上。
镜头2（7.0–13.0 秒）：@图片2：她仰头唱，雨水顺着金属脸流下，光圈张开，嘴角小板微微上扬；耳侧涡轮转动，甩出水珠。
镜头3（13.0–16.0 秒）：近景：阿凯闭着眼跟着吼，用拳头打着拍子；小鹿笑着抹了一下脸上的雨。
镜头4（16.0–20.0 秒）：对面的住宅楼：从 @图片3 的样子开始，一扇扇窗户陆续亮起来，有人拉开窗帘探出头，结束时像 @图片4。
演唱时间：0.3–7.0 秒唱「谁的一生注定不蹉跎」；7.0–13.7 秒唱「亲爱的朋友不必难过」；13.7–19.4 秒唱「终有某天还会再见的」。
唱歌：@音频1 从视频第 0 帧原位对应，包括开头的静音，保持原来的语速和停顿，不加前导静音，不新增台词或配乐。第一个字出声前下颌闭合；每个字转开一次、字尾回落，换气时合上，只有拖长的尾音可以停在半开；舵机式运动，起步快、到位硬停、轻微回弹。只有她的脸在画面里时才需要对口型，其他镜头里歌声照常继续。生成声音开启。
不要：牙齿、舌头、圆口、噘嘴、软嘴唇、面板弯曲裂开、零件消失；比例错误；现在的 ALPHA 走路或迈步；人类皮肤长在机器人身上；卡通、玩具、3D 渲染感、塑料感；字幕和文字；慢动作；转场特效。"
G12,演播室·最高音到最后,现在,Seedance 2.5,27,197.40,224.15,口型_G12.mp3,MAT-035 角色卡.PNG（三视图定妆照，现在的她以此为准）；白模结构参考.jpg（随包，实体头部白模的正面、侧面、嘴部特写）；状态卡_上传用.jpg（随包，白模六个合法表情和口型状态）；MAT-034 新吉他卡.PNG；MAT-023 K13 低角度仰拍；MAT-024 K18 演播室近景；MAT-014 K29 包间,"参考：@图片1 是现在的 ALPHA 的外观（三视图定妆照）；@图片2 是她头部的实体白模，面部机械结构和口型的依据；@图片3 是她面部表情和口型的全部合法状态；@图片4 是她的黄色机械电吉他；@图片5 是「K13 低角度仰拍」的场景、人物和光影参考；@图片6 是「K18 演播室近景」的场景、人物和光影参考；@图片7 是「K29 包间」的场景、人物和光影参考。@音频1 是她的歌声。
院线电影级画面，像真实拍摄：大画幅数字电影机质感，球面电影镜头，16:9。光线全部有来源（顶灯、追光、窗、路灯、霓虹、屏幕），体积光和薄烟，深而干净的黑位，高光有柔和的光晕，细腻的 35mm 胶片颗粒。细节丰富：金属的划痕、指纹、灰尘、螺丝、接缝、线缆、冷凝水、雨珠、布料纹理都清楚可见。镜头运动克制，有轻微手持呼吸感，焦点在人物之间缓慢转移。调色：演播室的冷青色暗部和暖黄色高光，饱和度克制。
现在的 ALPHA 以 @图片1 的三视图为准：青黄银三色机械外壳、黄色头盔和翼片、银色金属面板拼成的脸、青色硬壳嘴唇、蓝紫色发光镜头眼、耳侧涡轮，腿上有 ALPHA 字样。她是一台真实的大型演出机器人，高 3.5 米，双脚固定在黑色钢制底座上，底座后面拖着粗线缆；她不走动，腿不动，上身最多前倾或后仰 10 度；头、手臂、手指、下颌、眼睑、眉毛、光圈、耳侧涡轮可以动，动作有重量和惯性，比人慢。比例：成年人站在她身旁，头顶只到她的腰；灯光师站在 2 米高的铝梯顶上才和她的肩膀一样高；她的头比成年人的上半身还宽；她怀里的黄色电吉他比一个成年人还长。画面里只要有人，就保持这个比例。
面部（参考 @图片2 的实体白模、@图片3 的状态）：脸由固定的金属面板拼成；上唇、鼻子、颊板不动，只有下唇和下巴连成的整块刚性下颌绕两侧铰链开合。开口永远是一条横向扁缝，宽至少是高的 4 倍，嘴角尖而贴紧，不收成圆形；上下唇内缘是光滑的金属边，开口里是一块平的黑色金属挡板，后面隐约有金色小电机和连杆，没有牙齿和舌头；开口不超过上唇的厚度。表情只来自机械零件：链条眉毛一节节抬起、叠层眼睑快门片一层层落下或收起、镜头眼光圈收放、嘴角小板微微上扬或下压、头部舵机一格一格地转和点。眨眼是叠层快门片落下再收回。
小鹿、阿凯、默默看上去就是普通人：没有任何金属、线路或机械结构，影子和倒影正常。阿凯穿黑色夹克、戴露指皮手套；小鹿穿牛仔外套；默默戴眼镜。
演唱时的表情：情绪是温暖和释然：头抬起；眼睑快门片收起，光圈张开，蓝光变亮；嘴角小板微微上扬，像一个机械的微笑；唱高音时整条眉毛上抬，耳侧涡轮转快。动作是机器的，感情是真的，深情而克制。
画面里的其他人都有自己的动作和反应，不是静止的背景。
一共 5 个镜头，按时间硬切：
镜头1（0.0–7.0 秒）：低角度广角仰拍：她仰头唱出最高音，下颌停在最大处；背后梯子上是老杨的剪影和顶光，她显得非常高大；眉毛整条上抬，耳侧涡轮转得很快。
镜头2（7.0–14.0 秒）：近景：她唱这一句，情绪转为温柔的告别：头一格一格低下来，手越弹越慢，眼睑快门片缓缓落下一层。
镜头3（14.0–18.0 秒）：侧台暗处：阿凯站在最前，小鹿和默默在后；阿凯慢慢摘下一只皮手套，小鹿把手搭在他的肩上。
镜头4（18.0–23.0 秒）：近景：她唱这一句，光圈慢慢张开，嘴角小板微微上扬。
镜头5（23.0–27.0 秒）：手部特写：她不再扫弦，两根金属手指在琴身上轻轻敲拍子。
演唱时间：0.3–6.0 秒唱「终有某天还会再见的」；7.1–13.7 秒唱「流着泪唱完了这首歌」；13.7–20.4 秒唱「希望你会永远记得我」；20.4–26.8 秒唱「在某个冬夜无眠的时刻」。
唱歌：@音频1 从视频第 0 帧原位对应，包括开头的静音，保持原来的语速和停顿，不加前导静音，不新增台词或配乐。第一个字出声前下颌闭合；每个字转开一次、字尾回落，换气时合上，只有拖长的尾音可以停在半开；舵机式运动，起步快、到位硬停、轻微回弹。只有她的脸在画面里时才需要对口型，其他镜头里歌声照常继续。生成声音开启。
不要：牙齿、舌头、圆口、噘嘴、软嘴唇、面板弯曲裂开、零件消失；比例错误；现在的 ALPHA 走路或迈步；人类皮肤长在机器人身上；卡通、玩具、3D 渲染感、塑料感；字幕和文字；慢动作；转场特效。"
G13,之后·冬与春,之后,Seedance 2.5,25,,,,MAT-035 角色卡.PNG（三视图定妆照，现在的她以此为准）；MAT-027 K28 春天长椅；MAT-005 K25 车站老周披衣；MAT-018 R04 出租屋三人,"参考：@图片1 是现在的 ALPHA 的外观（三视图定妆照）；@图片2 是「K28 春天长椅」的场景、人物和光影参考；@图片3 是「K25 车站老周披衣」的场景、人物和光影参考；@图片4 是「R04 出租屋三人」的场景、人物和光影参考。
院线电影级画面，像真实拍摄：大画幅数字电影机质感，球面电影镜头，16:9。光线全部有来源（顶灯、追光、窗、路灯、霓虹、屏幕），体积光和薄烟，深而干净的黑位，高光有柔和的光晕，细腻的 35mm 胶片颗粒。细节丰富：金属的划痕、指纹、灰尘、螺丝、接缝、线缆、冷凝水、雨珠、布料纹理都清楚可见。镜头运动克制，有轻微手持呼吸感，焦点在人物之间缓慢转移。调色：冬夜冷蓝，春天转为柔和的粉绿和暖阳。
现在的 ALPHA 以 @图片1 的三视图为准：青黄银三色机械外壳、黄色头盔和翼片、银色金属面板拼成的脸、青色硬壳嘴唇、蓝紫色发光镜头眼、耳侧涡轮，腿上有 ALPHA 字样。她是一台真实的大型演出机器人，高 3.5 米，双脚固定在黑色钢制底座上，底座后面拖着粗线缆；她不走动，腿不动，上身最多前倾或后仰 10 度；头、手臂、手指、下颌、眼睑、眉毛、光圈、耳侧涡轮可以动，动作有重量和惯性，比人慢。比例：成年人站在她身旁，头顶只到她的腰；灯光师站在 2 米高的铝梯顶上才和她的肩膀一样高；她的头比成年人的上半身还宽；她怀里的黄色电吉他比一个成年人还长。画面里只要有人，就保持这个比例。
回忆里的 ALPHA 是她的初代机体，和成年人一样高（约 1.7 米），能走路；同一张银色分片机械脸、蓝紫色镜头眼、青色嘴唇、耳侧圆形涡轮，身上没有任何人类皮肤。
小鹿、阿凯、默默看上去就是普通人：没有任何金属、线路或机械结构，影子和倒影正常。阿凯穿黑色夹克、戴露指皮手套；小鹿穿牛仔外套；默默戴眼镜。
画面里的其他人都有自己的动作和反应，不是静止的背景。
一共 4 个镜头，按时间硬切：
镜头1（0.0–7.0 秒）：冬夜，养老院的房间：女儿蹲在扶手椅旁，替老周擦了擦眼镜，再把手机递给他，屏幕上是 ALPHA 唱歌的视频；老人茫然地摇头，眼睛却一直看着屏幕。
镜头2（7.0–12.0 秒）：特写：老人搭在扶手上的食指和中指，跟着节拍轻轻敲；女儿看见了，捂住了嘴。
镜头3（12.0–19.0 秒）：春天的小站：一节平板货车车厢缓缓停靠，她站在车厢上（3.5 米高的舞台机体，背后用绑带固定着装木吉他的旧琴盒）；站台上的工人仰头看她，小鹿、阿凯、默默从车厢上跳下来，帮着解开绑带。
镜头4（19.0–25.0 秒）：她抬头看站台，风吹落一阵花瓣，落在她的肩甲上；她的光圈慢慢张开。
这一组没有歌声：人物说话只做口型动作，对白后期加字幕；只要现场环境声，不要音乐和人声。生成声音关闭。
对白（只出字幕）：女儿：爸，你还记得她吗？
不要：牙齿、舌头、圆口、噘嘴、软嘴唇、面板弯曲裂开、零件消失；比例错误；现在的 ALPHA 走路或迈步；人类皮肤长在机器人身上；卡通、玩具、3D 渲染感、塑料感；字幕和文字；慢动作；转场特效。"
G14,演播室·掌声与回答,现在,Seedance 2.0,15,,,,MAT-035 角色卡.PNG（三视图定妆照，现在的她以此为准）；MAT-026 R05 老杨鼓掌；MAT-025 K17 演播室与老杨；MAT-001 K22 演播室,"参考：@图片1 是现在的 ALPHA 的外观（三视图定妆照）；@图片2 是「R05 老杨鼓掌」的场景、人物和光影参考；@图片3 是「K17 演播室与老杨」的场景、人物和光影参考；@图片4 是「K22 演播室」的场景、人物和光影参考。
院线电影级画面，像真实拍摄：大画幅数字电影机质感，球面电影镜头，16:9。光线全部有来源（顶灯、追光、窗、路灯、霓虹、屏幕），体积光和薄烟，深而干净的黑位，高光有柔和的光晕，细腻的 35mm 胶片颗粒。细节丰富：金属的划痕、指纹、灰尘、螺丝、接缝、线缆、冷凝水、雨珠、布料纹理都清楚可见。镜头运动克制，有轻微手持呼吸感，焦点在人物之间缓慢转移。调色：演播室的冷青色暗部和暖黄色高光，饱和度克制。
现在的 ALPHA 以 @图片1 的三视图为准：青黄银三色机械外壳、黄色头盔和翼片、银色金属面板拼成的脸、青色硬壳嘴唇、蓝紫色发光镜头眼、耳侧涡轮，腿上有 ALPHA 字样。她是一台真实的大型演出机器人，高 3.5 米，双脚固定在黑色钢制底座上，底座后面拖着粗线缆；她不走动，腿不动，上身最多前倾或后仰 10 度；头、手臂、手指、下颌、眼睑、眉毛、光圈、耳侧涡轮可以动，动作有重量和惯性，比人慢。比例：成年人站在她身旁，头顶只到她的腰；灯光师站在 2 米高的铝梯顶上才和她的肩膀一样高；她的头比成年人的上半身还宽；她怀里的黄色电吉他比一个成年人还长。画面里只要有人，就保持这个比例。
面部：脸由固定的金属面板拼成；上唇、鼻子、颊板不动，只有下唇和下巴连成的整块刚性下颌绕两侧铰链开合。开口永远是一条横向扁缝，宽至少是高的 4 倍，嘴角尖而贴紧，不收成圆形；上下唇内缘是光滑的金属边，开口里是一块平的黑色金属挡板，后面隐约有金色小电机和连杆，没有牙齿和舌头；开口不超过上唇的厚度。表情只来自机械零件：链条眉毛一节节抬起、叠层眼睑快门片一层层落下或收起、镜头眼光圈收放、嘴角小板微微上扬或下压、头部舵机一格一格地转和点。眨眼是叠层快门片落下再收回。
画面里的其他人都有自己的动作和反应，不是静止的背景。
一共 3 个镜头，按时间硬切：
镜头1（0.0–5.0 秒）：@图片2：最后一个和弦结束，棚里安静了两秒；梯子上的老杨第一个鼓掌，工作人员一个个站起来，有人吹了声口哨，导播也站了起来。
镜头2（5.0–9.0 秒）：全景：她向工作人员鞠了一躬——只有上身和头一格一格地前倾，腿和底座不动；脚边的人仰头看她，只到她的腰。
镜头3（9.0–15.0 秒）：中景：林姐走到她脚边，仰头轻声问了一句话；ALPHA 低下头，停了很久，慢慢回答，眼睑快门片落下一半。
这一组没有歌声：人物说话只做口型动作，对白后期加字幕；只要现场环境声，不要音乐和人声。生成声音关闭。
对白（只出字幕）：林姐：所以……你的悲伤，是真的吗？／ALPHA：我不知道它算不算真的。他走的那天，我在站台站了七个小时。
不要：牙齿、舌头、圆口、噘嘴、软嘴唇、面板弯曲裂开、零件消失；比例错误；现在的 ALPHA 走路或迈步；人类皮肤长在机器人身上；卡通、玩具、3D 渲染感、塑料感；字幕和文字；慢动作；转场特效。"
G15,春天·长椅,之后,Seedance 2.0,15,,,,MAT-035 角色卡.PNG（三视图定妆照，现在的她以此为准）；MAT-027 K28 春天长椅；MAT-005 K25 车站老周披衣,"参考：@图片1 是现在的 ALPHA 的外观（三视图定妆照）；@图片2 是「K28 春天长椅」的场景、人物和光影参考；@图片3 是「K25 车站老周披衣」的场景、人物和光影参考。
院线电影级画面，像真实拍摄：大画幅数字电影机质感，球面电影镜头，16:9。光线全部有来源（顶灯、追光、窗、路灯、霓虹、屏幕），体积光和薄烟，深而干净的黑位，高光有柔和的光晕，细腻的 35mm 胶片颗粒。细节丰富：金属的划痕、指纹、灰尘、螺丝、接缝、线缆、冷凝水、雨珠、布料纹理都清楚可见。镜头运动克制，有轻微手持呼吸感，焦点在人物之间缓慢转移。调色：冬夜冷蓝，春天转为柔和的粉绿和暖阳。
现在的 ALPHA 以 @图片1 的三视图为准：青黄银三色机械外壳、黄色头盔和翼片、银色金属面板拼成的脸、青色硬壳嘴唇、蓝紫色发光镜头眼、耳侧涡轮，腿上有 ALPHA 字样。她是一台真实的大型演出机器人，高 3.5 米，双脚固定在黑色钢制底座上，底座后面拖着粗线缆；她不走动，腿不动，上身最多前倾或后仰 10 度；头、手臂、手指、下颌、眼睑、眉毛、光圈、耳侧涡轮可以动，动作有重量和惯性，比人慢。比例：成年人站在她身旁，头顶只到她的腰；灯光师站在 2 米高的铝梯顶上才和她的肩膀一样高；她的头比成年人的上半身还宽；她怀里的黄色电吉他比一个成年人还长。画面里只要有人，就保持这个比例。
画面里的其他人都有自己的动作和反应，不是静止的背景。
一共 2 个镜头，按时间硬切：
镜头1（0.0–7.0 秒）：春天的站台：老周坐在长椅上，她站在长椅旁边（3.5 米高），上身一格一格地向他俯下来，头低到和他差不多高；老人仰头，像对陌生人一样问她的名字，她回答。
镜头2（7.0–15.0 秒）：老人想了想，笑了，拍拍长椅的扶手；远处一列火车开过，花瓣被风卷起，两人一起看着火车。
这一组没有歌声：人物说话只做口型动作，对白后期加字幕；只要现场环境声，不要音乐和人声。生成声音关闭。
对白（只出字幕）：老周：你唱得真好。你叫什么名字？／ALPHA：ALPHA。／老周：阿尔法……好名字。像是第一个。
不要：牙齿、舌头、圆口、噘嘴、软嘴唇、面板弯曲裂开、零件消失；比例错误；现在的 ALPHA 走路或迈步；人类皮肤长在机器人身上；卡通、玩具、3D 渲染感、塑料感；字幕和文字；慢动作；转场特效。"
