frame,time_s,jaw_deg
0,0.000,0.0
1,0.042,0.0
2,0.083,0.0
3,0.125,0.0
4,0.167,0.0
5,0.208,0.0
6,0.250,0.0
7,0.292,0.0
8,0.333,0.0
9,0.375,0.0
10,0.417,0.0
11,0.458,0.0
12,0.500,0.0
13,0.542,0.0
14,0.583,0.0
15,0.625,0.0
16,0.667,0.0
17,0.708,0.0
18,0.750,0.0
19,0.792,0.0
20,0.833,0.0
21,0.875,0.0
22,0.917,0.0
23,0.958,0.0
24,1.000,0.0
25,1.042,0.0
26,1.083,0.0
27,1.125,0.0
28,1.167,0.0
29,1.208,0.0
30,1.250,0.0
31,1.292,0.0
32,1.333,0.0
33,1.375,0.0
34,1.417,0.0
35,1.458,0.0
36,1.500,0.0
37,1.542,0.0
38,1.583,0.0
39,1.625,0.0
40,1.667,0.0
41,1.708,0.0
42,1.750,0.0
43,1.792,0.0
44,1.833,0.0
45,1.875,0.0
46,1.917,0.0
47,1.958,0.0
48,2.000,0.0
49,2.042,0.0
50,2.083,0.0
51,2.125,0.0
52,2.167,0.0
53,2.208,0.0
54,2.250,0.0
55,2.292,0.0
56,2.333,0.0
57,2.375,0.0
58,2.417,0.0
59,2.458,0.0
60,2.500,0.0
61,2.542,0.0
62,2.583,0.0
63,2.625,0.0
64,2.667,0.0
65,2.708,0.0
66,2.750,0.0
67,2.792,0.0
68,2.833,0.0
69,2.875,0.0
70,2.917,0.0
71,2.958,0.0
72,3.000,0.0
73,3.042,0.0
74,3.083,0.0
75,3.125,0.0
76,3.167,0.0
77,3.208,0.0
78,3.250,0.0
79,3.292,0.0
80,3.333,0.0
81,3.375,0.0
82,3.417,0.0
83,3.458,0.0
84,3.500,0.0
85,3.542,0.0
86,3.583,0.0
87,3.625,0.0
88,3.667,0.0
89,3.708,0.0
90,3.750,0.0
91,3.792,0.0
92,3.833,0.0
93,3.875,0.0
94,3.917,0.0
95,3.958,0.0
96,4.000,0.0
97,4.042,0.0
98,4.083,0.0
99,4.125,0.0
100,4.167,0.0
101,4.208,0.0
102,4.250,0.0
103,4.292,0.0
104,4.333,0.0
105,4.375,0.0
106,4.417,0.0
107,4.458,0.0
108,4.500,0.0
109,4.542,0.0
110,4.583,0.0
111,4.625,0.0
112,4.667,0.0
113,4.708,0.0
114,4.750,0.0
115,4.792,0.0
116,4.833,0.0
117,4.875,0.0
118,4.917,0.0
119,4.958,0.0
120,5.000,0.0
121,5.042,0.0
122,5.083,0.0
123,5.125,0.0
124,5.167,0.0
125,5.208,0.0
126,5.250,0.0
127,5.292,0.0
128,5.333,0.0
129,5.375,0.0
130,5.417,0.0
131,5.458,0.0
132,5.500,0.0
133,5.542,0.0
134,5.583,0.0
135,5.625,0.0
136,5.667,0.0
137,5.708,0.0
138,5.750,0.0
139,5.792,0.0
140,5.833,0.0
141,5.875,0.0
142,5.917,0.0
143,5.958,0.0
144,6.000,0.0
145,6.042,0.0
146,6.083,0.0
147,6.125,0.0
148,6.167,0.0
149,6.208,0.0
150,6.250,0.0
151,6.292,0.0
152,6.333,0.0
153,6.375,0.0
154,6.417,0.0
155,6.458,0.0
156,6.500,0.0
157,6.542,0.0
158,6.583,0.0
159,6.625,0.0
160,6.667,0.0
161,6.708,0.0
162,6.750,0.0
163,6.792,0.0
164,6.833,0.0
165,6.875,0.0
166,6.917,0.0
167,6.958,0.0
168,7.000,0.0
169,7.042,0.0
170,7.083,0.0
171,7.125,0.0
172,7.167,0.0
173,7.208,0.0
174,7.250,0.0
175,7.292,0.0
176,7.333,0.0
177,7.375,0.0
178,7.417,0.0
179,7.458,0.0
180,7.500,0.0
181,7.542,0.0
182,7.583,0.0
183,7.625,0.0
184,7.667,0.0
185,7.708,0.0
186,7.750,0.0
187,7.792,0.0
188,7.833,0.0
189,7.875,0.0
190,7.917,0.0
191,7.958,0.0
192,8.000,0.0
193,8.042,0.0
194,8.083,0.0
195,8.125,0.0
196,8.167,0.0
197,8.208,0.0
198,8.250,0.0
199,8.292,0.0
200,8.333,0.0
201,8.375,0.0
202,8.417,0.0
203,8.458,0.0
204,8.500,0.0
205,8.542,0.0
206,8.583,0.0
207,8.625,0.0
208,8.667,0.0
209,8.708,0.0
210,8.750,0.0
211,8.792,0.0
212,8.833,0.0
213,8.875,0.0
214,8.917,0.0
215,8.958,0.0
216,9.000,0.0
217,9.042,0.0
218,9.083,0.0
219,9.125,0.0
220,9.167,0.0
221,9.208,0.0
222,9.250,0.0
223,9.292,0.0
224,9.333,0.0
225,9.375,0.0
226,9.417,0.0
227,9.458,0.0
228,9.500,0.0
229,9.542,0.0
230,9.583,0.0
231,9.625,0.0
232,9.667,0.0
233,9.708,0.0
234,9.750,0.0
235,9.792,0.0
236,9.833,0.0
237,9.875,0.0
238,9.917,0.0
239,9.958,0.0
240,10.000,0.0
241,10.042,0.0
242,10.083,0.0
243,10.125,0.0
244,10.167,0.0
245,10.208,0.0
246,10.250,0.0
247,10.292,0.0
248,10.333,0.0
249,10.375,0.0
250,10.417,0.0
251,10.458,0.0
252,10.500,0.0
253,10.542,0.0
254,10.583,0.0
255,10.625,0.0
256,10.667,0.0
257,10.708,0.0
258,10.750,0.0
259,10.792,0.0
260,10.833,0.0
261,10.875,0.0
262,10.917,0.0
263,10.958,0.0
264,11.000,0.0
265,11.042,0.0
266,11.083,0.0
267,11.125,0.0
268,11.167,0.0
269,11.208,0.0
270,11.250,0.0
271,11.292,0.0
272,11.333,0.0
273,11.375,0.0
274,11.417,0.0
275,11.458,0.0
276,11.500,0.0
277,11.542,0.0
278,11.583,0.0
279,11.625,0.0
280,11.667,0.0
281,11.708,0.0
282,11.750,0.0
283,11.792,0.0
284,11.833,0.0
285,11.875,0.0
286,11.917,0.0
287,11.958,0.0
288,12.000,0.0
289,12.042,0.0
290,12.083,0.0
291,12.125,0.0
292,12.167,0.0
293,12.208,0.0
294,12.250,0.0
295,12.292,0.0
296,12.333,0.0
297,12.375,0.0
298,12.417,0.0
299,12.458,0.0
300,12.500,0.0
301,12.542,0.0
302,12.583,0.0
303,12.625,0.0
304,12.667,0.0
305,12.708,0.0
306,12.750,0.0
307,12.792,0.0
308,12.833,0.0
309,12.875,0.0
310,12.917,0.0
311,12.958,0.0
312,13.000,0.0
313,13.042,0.0
314,13.083,0.0
315,13.125,0.0
316,13.167,0.0
317,13.208,0.0
318,13.250,0.0
319,13.292,0.0
320,13.333,0.0
321,13.375,0.0
322,13.417,0.0
323,13.458,0.0
324,13.500,0.0
325,13.542,0.0
326,13.583,0.0
327,13.625,0.0
328,13.667,0.0
329,13.708,0.0
330,13.750,0.0
331,13.792,0.0
332,13.833,0.0
333,13.875,0.0
334,13.917,0.0
335,13.958,0.0
336,14.000,0.0
337,14.042,0.0
338,14.083,0.0
339,14.125,0.0
340,14.167,0.0
341,14.208,0.0
342,14.250,0.0
343,14.292,0.0
344,14.333,0.0
345,14.375,0.0
346,14.417,0.0
347,14.458,0.0
348,14.500,0.0
349,14.542,0.0
350,14.583,0.77
351,14.625,2.304
352,14.667,1.517
353,14.708,0.142
354,14.750,0.038
355,14.792,0.006
356,14.833,0.001
357,14.875,0.0
358,14.917,0.0
359,14.958,0.0
360,15.000,0.0
361,15.042,1.146
362,15.083,3.612
363,15.125,3.419
364,15.167,2.868
365,15.208,2.506
366,15.250,2.152
367,15.292,1.217
368,15.333,1.52
369,15.375,2.219
370,15.417,2.646
371,15.458,3.728
372,15.500,3.934
373,15.542,4.026
374,15.583,3.67
375,15.625,3.705
376,15.667,2.975
377,15.708,1.86
378,15.750,0.845
379,15.792,2.156
380,15.833,0.287
381,15.875,0.265
382,15.917,0.499
383,15.958,0.039
384,16.000,0.015
385,16.042,0.002
386,16.083,0.0
387,16.125,0.0
388,16.167,0.0
389,16.208,0.0
390,16.250,1.184
391,16.292,4.308
392,16.333,5.475
393,16.375,4.635
394,16.417,4.197
395,16.458,3.764
396,16.500,2.115
397,16.542,0.051
398,16.583,0.068
399,16.625,0.001
400,16.667,0.002
401,16.708,2.737
402,16.750,5.423
403,16.792,5.457
404,16.833,5.175
405,16.875,5.342
406,16.917,5.107
407,16.958,4.527
408,17.000,4.503
409,17.042,4.641
410,17.083,4.943
411,17.125,4.491
412,17.167,4.188
413,17.208,5.078
414,17.250,5.037
415,17.292,4.847
416,17.333,4.795
417,17.375,2.26
418,17.417,0.047
419,17.458,0.073
420,17.500,0.001
421,17.542,1.302
422,17.583,4.538
423,17.625,5.323
424,17.667,5.046
425,17.708,4.89
426,17.750,5.108
427,17.792,2.845
428,17.833,0.001
429,17.875,0.085
430,17.917,0.142
431,17.958,3.338
432,18.000,5.5
433,18.042,5.148
434,18.083,4.753
435,18.125,4.174
436,18.167,4.062
437,18.208,4.528
438,18.250,4.085
439,18.292,2.457
440,18.333,1.17
441,18.375,4.374
442,18.417,5.415
443,18.458,4.915
444,18.500,5.179
445,18.542,5.154
446,18.583,1.961
447,18.625,0.067
448,18.667,0.064
449,18.708,0.002
450,18.750,0.474
451,18.792,3.795
452,18.833,6.459
453,18.875,6.369
454,18.917,5.983
455,18.958,5.088
456,19.000,4.514
457,19.042,5.355
458,19.083,5.949
459,19.125,5.233
460,19.167,5.16
461,19.208,5.68
462,19.250,4.98
463,19.292,4.583
464,19.333,4.242
465,19.375,4.966
466,19.417,4.112
467,19.458,1.982
468,19.500,3.216
469,19.542,2.211
470,19.583,0.022
471,19.625,0.069
472,19.667,0.0
473,19.708,0.002
474,19.750,0.0
475,19.792,0.0
476,19.833,0.0
477,19.875,0.0
478,19.917,0.0
479,19.958,0.0
480,20.000,0.0
481,20.042,0.0
482,20.083,0.0
483,20.125,0.0
484,20.167,0.0
485,20.208,0.0
486,20.250,0.0
487,20.292,0.0
488,20.333,0.0
489,20.375,0.0
490,20.417,0.0
491,20.458,0.0
492,20.500,0.0
493,20.542,0.0
494,20.583,0.0
495,20.625,0.0
496,20.667,0.0
497,20.708,0.0
498,20.750,0.0
499,20.792,0.0
500,20.833,0.0
501,20.875,0.0
502,20.917,0.0
503,20.958,0.0
504,21.000,0.0
505,21.042,0.0
506,21.083,0.0
507,21.125,0.0
508,21.167,0.0
509,21.208,0.0
510,21.250,0.0
511,21.292,2.178
512,21.333,5.223
513,21.375,5.683
514,21.417,4.908
515,21.458,5.11
516,21.500,4.961
517,21.542,5.062
518,21.583,5.111
519,21.625,3.096
520,21.667,0.168
521,21.708,1.701
522,21.750,4.961
523,21.792,5.909
524,21.833,5.386
525,21.875,5.039
526,21.917,5.116
527,21.958,3.908
528,22.000,0.646
529,22.042,0.349
530,22.083,0.035
531,22.125,0.191
532,22.167,3.448
533,22.208,6.485
534,22.250,7.083
535,22.292,6.742
536,22.333,6.314
537,22.375,5.723
538,22.417,4.808
539,22.458,3.117
540,22.500,0.727
541,22.542,3.928
542,22.583,6.438
543,22.625,6.535
544,22.667,5.794
545,22.708,4.946
546,22.750,5.483
547,22.792,3.602
548,22.833,0.426
549,22.875,0.101
550,22.917,0.017
551,22.958,2.876
552,23.000,6.132
553,23.042,7.176
554,23.083,6.84
555,23.125,6.448
556,23.167,4.599
557,23.208,4.666
558,23.250,5.341
559,23.292,3.379
560,23.333,0.284
561,23.375,2.292
562,23.417,5.294
563,23.458,5.937
564,23.500,5.254
565,23.542,4.7
566,23.583,4.461
567,23.625,3.451
568,23.667,0.572
569,23.708,0.082
570,23.750,0.03
571,23.792,3.1
572,23.833,6.281
573,23.875,7.086
574,23.917,5.881
575,23.958,5.317
576,24.000,5.969
577,24.042,5.886
578,24.083,4.713
579,24.125,1.517
580,24.167,0.088
581,24.208,0.051
582,24.250,2.235
583,24.292,5.373
584,24.333,5.269
585,24.375,4.381
586,24.417,4.166
587,24.458,4.757
588,24.500,2.399
589,24.542,0.127
590,24.583,0.044
591,24.625,1.038
592,24.667,4.359
593,24.708,6.455
594,24.750,5.239
595,24.792,4.605
596,24.833,4.631
597,24.875,4.98
598,24.917,4.527
599,24.958,4.53
600,25.000,4.476
601,25.042,5.846
602,25.083,5.7
603,25.125,4.743
604,25.167,5.064
605,25.208,5.151
606,25.250,4.181
607,25.292,2.54
608,25.333,4.423
609,25.375,5.224
610,25.417,4.64
611,25.458,4.338
612,25.500,4.155
613,25.542,3.493
614,25.583,2.848
615,25.625,3.401
616,25.667,4.164
617,25.708,4.188
618,25.750,3.772
619,25.792,3.608
620,25.833,3.461
621,25.875,3.48
622,25.917,2.997
623,25.958,2.414
624,26.000,2.492
625,26.042,2.366
626,26.083,2.393
627,26.125,1.764
628,26.167,0.302
629,26.208,0.04
630,26.250,0.279
631,26.292,0.052
632,26.333,0.008
633,26.375,0.002
634,26.417,0.0
635,26.458,0.0
636,26.500,0.0
637,26.542,0.0
638,26.583,0.0
639,26.625,0.0
640,26.667,0.0
641,26.708,0.0
642,26.750,0.0
643,26.792,0.0
644,26.833,0.0
645,26.875,0.0
646,26.917,0.0
647,26.958,0.0
648,27.000,0.0
649,27.042,0.0
650,27.083,0.0
651,27.125,0.0
652,27.167,0.0
653,27.208,0.0
654,27.250,0.0
655,27.292,0.0
656,27.333,0.0
657,27.375,0.0
658,27.417,0.0
659,27.458,0.0
660,27.500,0.0
661,27.542,0.0
662,27.583,0.0
663,27.625,0.0
664,27.667,0.0
665,27.708,0.0
666,27.750,0.0
667,27.792,0.0
668,27.833,0.0
669,27.875,0.0
670,27.917,0.0
671,27.958,0.0
672,28.000,0.0
