line_id,section,song_in,song_out,source_in_sample,source_out_sample,lyrics,time_status,note
L01,A1,14.43,21.03,692640,1009440,望着你坐上远去的列车,provisional_lrc,出点为下一句起点或段落空白标记，尾音与换气需听辨
L02,A1,21.03,27.81,1009440,1334880,汽笛声将悲伤情绪淹没,provisional_lrc,出点为下一句起点或段落空白标记，尾音与换气需听辨
L03,A1,27.81,34.44,1334880,1653120,站台上忽然一阵风吹过,provisional_lrc,出点为下一句起点或段落空白标记，尾音与换气需听辨
L04,A1,34.44,39.73,1653120,1907040,一滴泪在我的眼角滑落,provisional_lrc,出点为下一句起点或段落空白标记，尾音与换气需听辨
L05,B1,40.95,47.64,1965600,2286720,想为你唱一首昨日的歌,provisional_lrc,出点为下一句起点或段落空白标记，尾音与换气需听辨
L06,B1,47.64,54.39,2286720,2610720,想让时间停留这一刻,provisional_lrc,出点为下一句起点或段落空白标记，尾音与换气需听辨
L07,B1,54.39,61.02,2610720,2928960,在人来人往的尘世间,provisional_lrc,出点为下一句起点或段落空白标记，尾音与换气需听辨
L08,B1,61.02,66.80,2928960,3206400,真心的人又能有几个,provisional_lrc,出点为下一句起点或段落空白标记，尾音与换气需听辨
L09,C1,67.62,74.28,3245760,3565440,谁不是谁今生的过客,provisional_lrc,出点为下一句起点或段落空白标记，尾音与换气需听辨
L10,C1,74.28,81.00,3565440,3888000,谁的一生注定不蹉跎,provisional_lrc,出点为下一句起点或段落空白标记，尾音与换气需听辨
L11,C1,81.00,87.69,3888000,4209120,亲爱的朋友不必难过,provisional_lrc,出点为下一句起点或段落空白标记，尾音与换气需听辨
L12,C1,87.69,93.59,4209120,4492320,终有某天还会再见的,provisional_lrc,出点为下一句起点或段落空白标记，尾音与换气需听辨
L13,A2,124.38,131.01,5970240,6288480,望着你坐上远去的列车,provisional_lrc,出点为下一句起点或段落空白标记，尾音与换气需听辨
L14,A2,131.01,137.70,6288480,6609600,汽笛声将悲伤情绪淹没,provisional_lrc,出点为下一句起点或段落空白标记，尾音与换气需听辨
L15,A2,137.70,144.36,6609600,6929280,站台上忽然一阵风吹过,provisional_lrc,出点为下一句起点或段落空白标记，尾音与换气需听辨
L16,A2,144.36,149.85,6929280,7192800,一滴泪在我的眼角滑落,provisional_lrc,出点为下一句起点或段落空白标记，尾音与换气需听辨
L17,B2,151.02,157.68,7248960,7568640,想为你唱一首昨日的歌,provisional_lrc,出点为下一句起点或段落空白标记，尾音与换气需听辨
L18,B2,157.68,164.37,7568640,7889760,想让时间停留这一刻,provisional_lrc,出点为下一句起点或段落空白标记，尾音与换气需听辨
L19,B2,164.37,171.00,7889760,8208000,在人来人往的尘世间,provisional_lrc,出点为下一句起点或段落空白标记，尾音与换气需听辨
L20,B2,171.00,177.35,8208000,8512800,真心的人又能有几个,provisional_lrc,出点为下一句起点或段落空白标记，尾音与换气需听辨
L21,C2,177.63,184.29,8526240,8845920,谁不是谁今生的过客,provisional_lrc,出点为下一句起点或段落空白标记，尾音与换气需听辨
L22,C2,184.29,190.98,8845920,9167040,谁的一生注定不蹉跎,provisional_lrc,出点为下一句起点或段落空白标记，尾音与换气需听辨
L23,C2,190.98,197.70,9167040,9489600,亲爱的朋友不必难过,provisional_lrc,出点为下一句起点或段落空白标记，尾音与换气需听辨
L24,C2,197.70,203.44,9489600,9765120,终有某天还会再见的,provisional_lrc,出点为下一句起点或段落空白标记，尾音与换气需听辨
L25,Outro,204.48,211.08,9815040,10131840,流着泪唱完了这首歌,provisional_lrc,出点为下一句起点或段落空白标记，尾音与换气需听辨
L26,Outro,211.08,217.80,10131840,10454400,希望你会永远记得我,provisional_lrc,出点为下一句起点或段落空白标记，尾音与换气需听辨
L27,Outro,217.80,224.31,10454400,10766880,在某个冬夜无眠的时刻,provisional_lrc,出点为下一句起点或段落空白标记，尾音与换气需听辨
L28,Outro,224.31,231.25,10766880,11100000,在某个春暖花开的时刻,provisional_lrc,出点为下一句起点或段落空白标记，尾音与换气需听辨
